Sample_Name,ML
31_CN_03_B27_M3_C8_P1,12
32_CN_03_B27_M3_C8_P2,12
79_CN_02_B32_M3_C8_P2,131
79_CN_06_B32_M3_C9_P1,93
98_CN_06_B6_M2_C5_P2,6006
Escherichia_coli_113_CN-21_B36_M1_C4_P1,181
Escherichia_coli_115_CN-12_B37_M3_C8_P1,73
Escherichia_coli_FMC-UTI-02147,357
Escherichia_coli_FMC_UTI_02076,58
Escherichia_coli_FMC_UTI_02095,641
Escherichia_coli_FMC_UTI_02103,399
Escherichia_coli_FMC_UTI_02106,657
Escherichia_coli_FMC_UTI_02131,4038
Escherichia_coli_FMC_UTI_02142,101
Escherichia_coli_FMC_UTI_02144,602
Escherichia_coli_FMC_UTI_02175,156
Escherichia_coli_FMC_UTI_02185,58
Escherichia_coli_FMC_UTI_02195,607
Escherichia_coli_FMC_UTI_02199,10
Escherichia_coli_FMC_UTI_02600,2598
Escherichia_coli_FMC_UTI_02604,70
Escherichia_coli_FMC_UTI_02625,1656
Escherichia_coli_FMC_UTI_02637,6083
Escherichia_coli_FMC_UTI_02651,131
Escherichia_coli_FMC_UTI_02848,345
FMC_UTI_01393,3018
FMC_UTI_01402,131
FMC_UTI_01409,5073
FMC_UTI_01416,1629
FMC_UTI_01430,1316
FMC_UTI_01432,2171
FMC_UTI_01443,1670
FMC_UTI_01451,744
FMC_UTI_01518,130
FMC_UTI_01520,349
FMC_UTI_01597,297
FMC_UTI_01609,131
FMC_UTI_01612,91
FMC_UTI_01636,501
FMC_UTI_01652,388
FMC_UTI_01684,3858
FMC_UTI_01708,2973
FMC_UTI_01727,10
FMC_UTI_01728,297
FMC_UTI_01755,2005
FMC_UTI_01767,140
FMC_UTI_01798,6103
FMC_UTI_01871,216
FMC_UTI_01885,127
FMC_UTI_01888,88
FMC_UTI_01894,399
FMC_UTI_01902,117
FMC_UTI_01905,224
FMC_UTI_01923,399
FMC_UTI_01946,58
FMC_UTI_01960,58
FMC_UTI_01962,2541
FMC_UTI_01979,155
FMC_UTI_02016,2200
FMC_UTI_02022,1430
FMC_UTI_02029,38
FMC_UTI_02031,540
FMC_UTI_02035,6093
FMC_UTI_02039,10
FMC_UTI_02047,349
FMC_UTI_02072,1972
FMC_UTI_02212,744
FMC_UTI_02217,1611
FMC_UTI_02231,569
FMC_UTI_02240,6099
FMC_UTI_02241,101
FMC_UTI_02248,69
FMC_UTI_02277,410
FMC_UTI_02291,10
FMC_UTI_02292,117
FMC_UTI_02310,69
FMC_UTI_02335,58
FMC_UTI_02341,3301
FMC_UTI_02370,10
FMC_UTI_02371,963
FMC_UTI_02376,191
FMC_UTI_02384,452
FMC_UTI_02403,131
FMC_UTI_02405,131
FMC_UTI_02413,58
FMC_UTI_02414,117
FMC_UTI_02451,6113
FMC_UTI_02455,2165
FMC_UTI_02463,6102
FMC_UTI_02469,48
FMC_UTI_02472,4358
FMC_UTI_02483,226
FMC_UTI_02498,69
FMC_UTI_02513,58
FMC_UTI_02519,708
FMC_UTI_02532,747
FMC_UTI_02533,162
FMC_UTI_02672,10
FMC_UTI_02681,297
FMC_UTI_02699,538
FMC_UTI_02720,1852
FMC_UTI_02722,398
FMC_UTI_02730,973
FMC_UTI_02741,295
FMC_UTI_02743,162
FMC_UTI_02744,1304
FMC_UTI_02764,88
FMC_UTI_02775,10
FMC_UTI_02799,131
FMC_UTI_02802,1316
FMC_UTI_02810,6109
FMC_UTI_02824,131
FMC_UTI_02835,345
FMC_UTI_02873,1385
FMC_UTI_02879,348
FMC_UTI_02913,23
FMC_UTI_02933,297
FMC_UTI_02942,538
FMC_UTI_02977,58
FMC_UTI_03009,101
FMC_UTI_03010,416
FMC_UTI_03025,117
FMC_UTI_03041,1049
FMC_UTI_03047,2556
FMC_UTI_03075,155
FMC_UTI_03078,746
FMC_UTI_03085,410
FMC_UTI_03091,10
FMC_UTI_03100,1083
100_CN_01_B6_M2_C5_P1,345
100_CN_02_B6_M2_C5_P1,23
100_CN_04_B6_M2_C4_P2,131
100_CN_05_B6_M2_C4_P2,38
100_CN_07_B6_M2_C4_P2,10
100_CN_11_B6_M2_C4_P2,162
100_CN_12_B6_M2_C4_P2,155
100_CN_13_B6_M2_C4_P2,126
100_CN_14_B6_M2_C4_P2,1386
100_CN_15_B6_M2_C4_P2,23
100_CN_18_B6_M2_C4_P2,10
100_CN_20_B6_M2_C4_P2,1618
101_CN-16_B33_M1_C1_2_P1_TGCTGATA_L006,162
101_CN_01_B6_M2_C5_P2,88
101_CN_02_B6_M2_C5_P2,1170
101_CN_03_B33_M1_C1_2_P1,635
101_CN_04_B33_M1_C1_2_P1,1316
101_CN_05_B33_M1_C1_2_P1,1316
101_CN_07_B33_M1_C1_2_P1,635
101_CN_11_B33_M1_C1_2_P1,57
101_CN_12_B33_M1_C1_2_P1,101
101_CN_13_B33_M1_C1_2_P1,1611
101_CN_14_B33_M1_C1_2_P1,117
101_CN_18_B33_M1_C1_2_P1,10
101_CN_20_B33_M1_C1_2_P1,770
102_CN_01_B6_M2_C4_P1,167
102_CN_02_B6_M2_C4_P1,491
102_CN_03_B33_M1_C1_2_P2,345
102_CN_04_B33_M1_C1_2_P2,1316
102_CN_05_B33_M1_C1_2_P2,155
102_CN_06_B33_M1_C1_2_P2,371
102_CN_07_B33_M1_C1_2_P2,635
102_CN_08_B33_M1_C1_2_P2,117
102_CN_11_B33_M1_C1_2_P2,23
102_CN_12_B33_M1_C1_2_P2,101
102_CN_13_B33_M1_C1_2_P2,117
102_CN_14_B33_M1_C1_2_P2,355
102_CN_15_B33_M1_C1_2_P2,101
102_CN_18_B33_M1_C1_2_P2,117
102_CN_20_B33_M1_C1_2_P2,48
103_CN_01_B6_M2_C4_P2,645
103_CN_06_B33_M3_C8_P1,10
103_CN_07_B33_M3_C8_P1,3202
103_CN_11_B33_M3_C8_P1,6002
103_CN_12_B33_M3_C8_P1,399
103_CN_14_B33_M3_C8_P1,540
104_CN_02_B33_M1_C1_2_P1,399
104_CN_03_B33_M3_C8_P2,101
104_CN_05_B33_M3_C8_P2,541
104_CN_06_B33_M3_C8_P2,399
104_CN_07_B33_M3_C8_P2,3202
104_CN_09_B33_M3_C8_P2,847
104_CN_11_B33_M3_C8_P2,401
104_CN_12_B33_M3_C8_P2,399
104_CN_18_B33_M3_C8_P2,541
104_CN_20_B33_M3_C8_P2,607
105_CN_02_B33_M1_C1_2_P2,1316
105_CN_03_B20_M2_C5_P1,1236
105_CN_04_B20_M2_C5_P1,429
105_CN_09_B6_M2_C5_P1,180
105_CN_11_B6_M2_C5_P1,1386
105_CN_12_B6_M2_C5_P1,88
105_CN_18_B6_M2_C5_P1,2079
105_CN_20_B6_M2_C5_P1,3721
106_CN_03_B20_M2_C5_P2,6008
106_CN_12_B6_M2_C5_P2,117
106_CN_13_B6_M2_C5_P2,3580
106_CN_15_B6_M2_C5_P2,355
106_CN_18_B6_M2_C5_P2,297
106_CN_20_B6_M2_C5_P2,162
107_CN_05_B34_M3_C8_P1,1665
107_CN_13_B34_M3_C8_P1,176
108_CN_01_B20_M2_C5_P1,345
108_CN_05_B34_M3_C8_P2,1665
108_CN_07_B34_M3_C8_P2,176
108_CN_13_B34_M3_C8_P2,176
109_CN_01_B20_M2_C5_P2,1385
109_CN_02_B20_M2_C5_P2,355
109_CN_04_B35_M3_C9_P1,1304
109_CN_06_B35_M3_C9_P1,10
109_CN_11_B35_M3_C9_P1,2163
109_CN_13_B35_M3_C9_P1,2163
109_CN_15_B35_M3_C9_P1,56
109_CN_16_B35_M3_C9_P1_GAATCTGT_L006,10
109_CN_18_B35_M3_C9_P1,117
10_CN_01_B2_M1_C2_P2,117
10_CN_02_B2_M1_C2_P2,135
10_CN_04_B2_M1_C2_P2,101
10_CN_05_B2_M1_C2_P2,162
10_CN_06_B2_M1_C2_P2,212
10_CN_07_B2_M1_C2_P2,93
10_CN_12_B2_M1_C2_P2,117
10_CN_13_B2_M1_C2_P2,607
10_CN_16_B2_M1_C2_P2,117
10_CN_20_B2_M1_C2_P2,23
110_CN_01_B7_M1_C4_P1,648
110_CN_02_B34_M3_C8_P1,401
110_CN_04_B35_M3_C9_P2,10
110_CN_13_B35_M3_C9_P2,56
110_CN_14_B35_M3_C9_P2,2163
110_CN_15_B35_M3_C9_P2,56
110_CN_16_B35_M3_C9_P2,10
110_CN_20_B35_M3_C9_P2,3721
111_CN_02_B34_M3_C8_P2,176
111_CN_03_B26_M3_C8_P1,164
111_CN_09_B26_M3_C8_P1,401
111_CN_11_B26_M3_C8_P1,399
111_CN_16_B26_M3_C8_P1,6019
112_CN_03_B26_M3_C8_P2,399
112_CN_04_B26_M3_C8_P2,401
112_CN_05_B26_M3_C8_P2,46
112_CN_06_B26_M3_C8_P2,877
112_CN_16_B26_M3_C8_P2,2531
113_CN_05_B36_M1_C4_P1,38
113_CN_07_B36_M1_C4_P1,117
113_CN_15_B36_M1_C4_P1,351
114_CN_05_B36_M1_C4_P2,973
114_CN_07_B36_M1_C4_P2,6021
114_CN_14_B36_M1_C4_P2,155
114_CN_15_B36_M1_C4_P2,155
115_CN_02_B26_M3_C8_P2,2522
115_CN_04_B37_M3_C8_P1,101
115_CN_06_B37_M3_C8_P1,1114
115_CN_13_B37_M3_C8_P1,1430
115_CN_14_B37_M3_C8_P1,1434
115_CN_16_B37_M3_C8_P1,3202
115_CN_20_B37_M3_C8_P1,2522
116_CN_02_B36_M1_C4_P1,101
116_CN_04_B37_M3_C8_P2,399
116_CN_06_B37_M3_C8_P2,1430
116_CN_13_B37_M3_C8_P2,1430
116_CN_15_B37_M3_C8_P2,401
116_CN_16_B37_M3_C8_P2,1434
116_CN_20_B37_M3_C8_P2,2522
117_CN_02_B36_M1_C4_P2,134
117_CN_09_B40_M1_C1_P1,23
117_CN_12_B40_M1_C1_P1_001,5998
117_CN_13_B40_M1_C1_P1,212
117_CN_14_B40_M1_C1_P1,409
117_CN_15_B40_M1_C1_P1,295
117_CN_18_B40_M1_C1_P1,349
117_CN_20_B40_M1_C1_P1,1326
118_CN_02_B37_M3_C8_P1,1430
118_CN_12_B40_M1_C1_P2,1326
118_CN_14_B40_M1_C1_P2,2040
118_CN_15_B40_M1_C1_P2,371
118_CN_16_B40_M1_C1_P2,355
118_CN_18_B40_M1_C1_P2,23
118_CN_20_B40_M1_C1_P2,635
119_CN_02_B37_M3_C8_P2,6001
119_CN_13_B36_M3_C9_P1,216
119_CN_14_B36_M3_C9_P1,117
119_CN_15_B36_M3_C9_P1,540
119_CN_16_B36_M3_C9_P1,641
11_CN_01_B3_M1_C3_P1,117
11_CN_02_B3_M1_C3_P1,2253
11_CN_04_B3_M1_C3_P1,1594
11_CN_05_B3_M1_C3_P1,23
11_CN_06_B3_M1_C3_P1,410
11_CN_07_B3_M1_C3_P1,3190
11_CN_13_B3_M1_C3_P1,23
11_CN_14_B3_M1_C3_P1,117
11_CN_16_B3_M1_C3_P1,101
11_CN_18_B3_M1_C3_P1,117
11_CN_20_B3_M1_C3_P1,602
120_CN_02_B7_M1_C4_P1,134
120_CN_13_B36_M3_C9_P2,216
120_CN_14_B36_M3_C9_P2,12
120_CN_16_B36_M3_C9_P2,641
121_CN_13_B10_M2_C4_P1,23
121_CN_15_B10_M2_C4_P1,746
121_CN_16_B10_M2_C4_P1,1727
121_CN_18_B10_M2_C4_P1,88
121_CN_20_B10_M2_C4_P1,540
122_CN_13_B10_M2_C4_P2,10
122_CN_14_B10_M2_C4_P2,1161
122_CN_15_B10_M2_C4_P2,297
122_CN_16_B10_M2_C4_P2,206
122_CN_20_B10_M2_C4_P2,540
123_CN_13_B30_M1_C4_P1,101
123_CN_14_B30_M1_C4_P1,1079
123_CN_15_B30_M1_C4_P1,371
123_CN_16_B30_M1_C4_P1,3107
123_CN_18_B30_M1_C4_P1,57
123_CN_20_B30_M1_C4_P1,756
124_CN_13_B30_M1_C4_P2,602
124_CN_14_B30_M1_C4_P2,155
124_CN_15_B30_M1_C4_P2,371
124_CN_18_B30_M1_C4_P2,117
124_CN_20_B30_M1_C4_P2,756
125_CN_13_B41_M1_C1_P1,134
125_CN_14_B41_M1_C1_P1,117
125_CN_15_B41_M1_C1_P1,10
125_CN_18_B41_M1_C1_P1,117
125_CN_20_B41_M1_C1_P1,117
126_CN_13_B41_M1_C1_P2,1141
126_CN_14_B41_M1_C1_P2,2040
126_CN_15_B41_M1_C1_P2,155
126_CN_18_B41_M1_C1_P2,117
126_CN_20_B41_M1_C1_P2,117
127_CN_13_B2_M1_C3_P1,973
127_CN_14_B2_M1_C3_P1,1137
127_CN_18_B2_M1_C3_P1,88
127_CN_20_B2_M1_C3_P1,295
128_CN_13_B2_M1_C3_P2,973
128_CN_15_B2_M1_C3_P2,399
128_CN_18_B2_M1_C3_P2,117
128_CN_20_B2_M1_C3_P2,973
12_CN_01_B3_M1_C3_P2,3721
12_CN_02_B3_M1_C3_P2,1844
12_CN_05_B3_M1_C3_P2,973
12_CN_06_B3_M1_C3_P2,3107
12_CN_07_B3_M1_C3_P2,38
12_CN_12_B3_M1_C3_P2,115
12_CN_13_B3_M1_C3_P2,5931
12_CN_14_B3_M1_C3_P2,117
12_CN_16_B3_M1_C3_P2,115
12_CN_18_B3_M1_C3_P2,297
12_CN_20_B3_M1_C3_P2,366
131_CN_15_B42_M1_C1_P1,117
131_CN_20_B42_M1_C1_P1,1914
132_CN_20_B42_M1_C1_P2,117
133_CN_20_B44_M1_C1_P1,58
134_CN_20_B44_M1_C1_P2,1973
135_CN_20_B44_M1_C3_P1,101
136_CN_20_B44_M1_C3_P2,1141
137_CN_18_B27_M3_C8_P1,176
13_CN_01_B4_M1_C1_P1,140
13_CN_02_B4_M1_C1_P1,3107
13_CN_03_B4_M1_C1_P1,1673
13_CN_05_B4_M1_C1_P1,212
13_CN_06_B4_M1_C1_P1,101
13_CN_07_B4_M1_C1_P1,23
13_CN_12_B4_M1_C1_P1,117
13_CN_13_B4_M1_C1_P1,155
13_CN_14_B4_M1_C1_P1,48
13_CN_16_B4_M1_C1_P1,117
13_CN_18_B4_M1_C1_P1,101
13_CN_20_B4_M1_C1_P1,1079
14_CN_01_B4_M1_C1_P2,140
14_CN_02_B4_M1_C1_P2,88
14_CN_05_B4_M1_C1_P2,155
14_CN_06_B4_M1_C1_P2,117
14_CN_07_B4_M1_C1_P2,501
14_CN_11_B4_M1_C1_P2,117
14_CN_12_B4_M1_C1_P2,117
14_CN_13_B4_M1_C1_P2,43
14_CN_14_B4_M1_C1_P2,5995
14_CN_16_B4_M1_C1_P2,6025
14_CN_18_B4_M1_C1_P2,23
14_CN_20_B4_M1_C1_P2,117
15_CN_01_B4_M1_C3_P1,117
15_CN_02_B4_M1_C3_P1,48
15_CN_06_B4_M1_C3_P1,349
15_CN_07_B4_M1_C3_P1,93
15_CN_09_B4_M1_C3_P1,34
15_CN_11_B4_M1_C3_P1,93
15_CN_12_B4_M1_C3_P1,399
15_CN_14_B4_M1_C3_P1,117
15_CN_16_B4_M1_C3_P1,117
15_CN_18_B4_M1_C3_P1,23
15_CN_20_B4_M1_C3_P1,3190
16_CN_01_B4_M1_C3_P2,34
16_CN_02_B4_M1_C3_P2,355
16_CN_03_B4_M1_C3_P2,1673
16_CN_06_B4_M1_C3_P2,69
16_CN_07_B4_M1_C3_P2,93
16_CN_09_B4_M1_C3_P2,34
16_CN_11_B4_M1_C3_P2,93
16_CN_12_B4_M1_C3_P2,117
16_CN_14_B4_M1_C3_P2,117
16_CN_16_B4_M1_C3_P2,602
16_CN_18_B4_M1_C3_P2,399
16_CN_20_B4_M1_C3_P2,10
17_CN_01_B5_M1_C1_P1,162
17_CN_02_B5_M1_C1_P1,2171
17_CN_04_B5_M1_C1_P1,131
17_CN_05_B5_M1_C1_P1,155
17_CN_07_B5_M1_C1_P1,1721
17_CN_09_B5_M1_C1_P1,23
17_CN_11_B5_M1_C1_P1,23
17_CN_12_B5_M1_C1_P1,117
17_CN_13_B5_M1_C1_P1,131
17_CN_14_B5_M1_C1_P1,23
17_CN_20_B5_M1_C1_P1,399
18_CN_01_B5_M1_C1_P2,162
18_CN_02_B5_M1_C1_P2,6009
18_CN_05_B5_M1_C1_P2,1721
18_CN_07_B5_M1_C1_P2,1721
18_CN_09_B5_M1_C1_P2,155
18_CN_11_B5_M1_C1_P2,4243
18_CN_12_B5_M1_C1_P2,57
18_CN_13_B5_M1_C1_P2,10
18_CN_14_B5_M1_C1_P2,1721
18_CN_16_B5_M1_C1_P2,115
18_CN_18_B5_M1_C1_P2,162
18_CN_20_B5_M1_C1_P2,1721
19_CN_01_B5_M1_C4_P1,2607
19_CN_02_B5_M1_C4_P1,906
19_CN_04_B5_M1_C4_P1,101
19_CN_05_B5_M1_C4_P1,6022
19_CN_06_B5_M1_C4_P1,1721
19_CN_12_B5_M1_C4_P1,117
19_CN_13_B5_M1_C4_P1,23
19_CN_14_B5_M1_C4_P1,1721
19_CN_16_B5_M1_C4_P1,46
19_CN_18_B5_M1_C4_P1,399
19_CN_20_B5_M1_C4_P1,23
1_CN_02_B1_M1_C1_P1,117
1_CN_05_B1_M1_C1_P1,2973
1_CN_06_B1_M1_C1_P1,23
1_CN_12_B1_M1_C1_P1,3057
1_CN_13_B1_M1_C1_P1,10
1_CN_16_B1_M1_C1_P1,117
1_CN_18_B1_M1_C1_P1,4134
1_CN_20_B1_M1_C1_P1,399
20_CN_01_B5_M1_C4_P2,6015
20_CN_02_B5_M1_C4_P2,117
20_CN_04_B5_M1_C4_P2,1721
20_CN_05_B5_M1_C4_P2,101
20_CN_06_B5_M1_C4_P2,1721
20_CN_12_B5_M1_C4_P2,88
20_CN_14_B5_M1_C4_P2,399
20_CN_16_B5_M1_C4_P2,1721
20_CN_18_B5_M1_C4_P2,46
20_CN_20_B5_M1_C4_P2,399
23_CN_01_B5_M2_C4_P1,2041
23_CN_02_B5_M2_C4_P1,3721
23_CN_03_B5_M2_C4_P1,428
23_CN_04_B5_M2_C4_P1,10
23_CN_05_B5_M2_C4_P1,88
23_CN_06_B5_M2_C4_P1,10
23_CN_07_B5_M2_C4_P1,131
23_CN_11_B5_M2_C4_P1,1386
23_CN_12_B5_M2_C4_P1,131
23_CN_14_B9_M2_C4_P1,10
23_CN_16_B43_M2_C4_P1,10
23_CN_18_B5_M2_C4_P1,1319
23_CN_20_B43_M2_C4_P1,3580
24_CN_01_B5_M2_C4_P2,48
24_CN_02_B5_M2_C4_P2,540
24_CN_04_B5_M2_C4_P2,1618
24_CN_05_B5_M2_C4_P2,1582
24_CN_06_B5_M2_C4_P2,10
24_CN_07_B5_M2_C4_P2,978
24_CN_09_B5_M2_C4_P2,2041
24_CN_11_B5_M2_C4_P2,88
24_CN_12_B5_M2_C4_P2,131
24_CN_14_B9_M2_C4_P2,540
24_CN_16_B43_M2_C4_P2,88
24_CN_18_B5_M2_C4_P2,1319
24_CN_20_B43_M2_C4_P2,58
25_CN_01_B6_M2_C4_P1,351
25_CN_02_B6_M2_C4_P1,23
25_CN_03_B6_M2_C4_P1,1319
25_CN_04_B6_M2_C4_P1,162
25_CN_05_B6_M2_C4_P1,1582
25_CN_06_B6_M2_C4_P1,1170
25_CN_07_B6_M2_C4_P1,616
25_CN_11_B6_M2_C4_P1,975
25_CN_12_B6_M2_C4_P1,429
25_CN_18_B6_M2_C4_P1,69
25_CN_20_B6_M2_C4_P1,297
26_CN_01_B6_M2_C4_P2,351
26_CN_02_B6_M2_C4_P2,88
26_CN_04_B6_M2_C4_P2,457
26_CN_05_B6_M2_C4_P2,1582
26_CN_06_B6_M2_C4_P2,602
26_CN_07_B6_M2_C4_P2,226
26_CN_08_B6_M2_C4_P2,6012
26_CN_11_B6_M2_C4_P2,88
26_CN_12_B6_M2_C4_P2,540
26_CN_18_B6_M2_C4_P2,155
26_CN_20_B6_M2_C4_P2,1618
27_CN_02_B6_M2_C5_P1,155
27_CN_03_B6_M2_C5_P1,540
27_CN_05_B6_M2_C5_P1,355
27_CN_06_B6_M2_C5_P1,1582
27_CN_09_B6_M2_C5_P1,1303
27_CN_11_B6_M2_C5_P1,540
27_CN_12_B6_M2_C5_P1,1386
27_CN_18_B6_M2_C5_P1,23
27_CN_20_B6_M2_C5_P1,154
28_CN_03_B6_M2_C5_P2,540
28_CN_05_B6_M2_C5_P2,706
28_CN_06_B6_M2_C5_P2,1582
28_CN_07_B6_M2_C5_P2,2556
28_CN_09_B6_M2_C5_P2,1319
28_CN_12_B6_M2_C5_P2,88
28_CN_14_B6_M2_C5_P2,3057
28_CN_18_B6_M2_C5_P2,43
28_CN_20_B6_M2_C5_P2,738
29_CN_01_B3_M3_C8_P1,1721
29_CN_03_B26_M3_C9_P1,6011
29_CN_04_B26_M3_C9_P1,10
29_CN_06_B26_M3_C9_P1,1721
29_CN_07_B26_M3_C9_P1,1721
29_CN_11_B26_M3_C9_P1,409
29_CN_12_B26_M3_C9_P1,847
29_CN_13_B26_M3_C9_P1,409
29_CN_16_B26_M3_C9_P1,345
29_CN_18_B26_M3_C9_P1,4558
2_CN_02_B1_M1_C1_P2,57
2_CN_05_B1_M1_C1_P2,93
2_CN_06_B1_M1_C1_P2,23
2_CN_07_B1_M1_C1_P2,23
2_CN_12_B1_M1_C1_P2,131
2_CN_13_B1_M1_C1_P2,155
2_CN_20_B1_M1_C1_P2,3202
30_CN_07_B26_M3_C9_P2,5308
30_CN_11_B26_M3_C9_P2,117
30_CN_13_B26_M3_C9_P2,48
30_CN_16_B26_M3_C9_P2,1721
30_CN_18_B26_M3_C9_P2,40
31_CN_04_B27_M3_C8_P1,5999
31_CN_05_B27_M3_C8_P1,101
31_CN_06_B27_M3_C8_P1,6003
31_CN_12_B27_M3_C8_P1,75
31_CN_14_B27_M3_C8_P1,361
31_CN_16_B27_M3_C8_P1,34
31_CN_20_B27_M3_C8_P1,101
32_CN_04_B27_M3_C8_P2,5999
32_CN_05_B27_M3_C8_P2,1307
32_CN_06_B27_M3_C8_P2,6003
32_CN_16_B27_M3_C8_P2,101
33_CN_03_B28_M3_C8_P1,401
33_CN_04_B28_M3_C8_P1,429
33_CN_05_B28_M3_C8_P1,10
33_CN_07_B28_M3_C8_P1,5308
33_CN_11_B28_M3_C8_P1,1434
33_CN_12_B28_M3_C8_P1,176
33_CN_14_B28_M3_C8_P1,399
34_CN_04_B28_M3_C8_P2,5308
34_CN_05_B28_M3_C8_P2,540
34_CN_06_B28_M3_C8_P2,5308
34_CN_11_B28_M3_C8_P2,88
34_CN_13_B28_M3_C8_P2,10
34_CN_14_B28_M3_C8_P2,10
34_CN_20_B28_M3_C8_P2,351
35_CN_20_B29_M3_C8_P1,401
36_CN_02_B28_M3_C8_P2,399
36_CN_12_B29_M3_C8_P2,197
36_CN_20_B29_M3_C8_P2,401
37_CN_03_B12_M1_C1_P1,949
37_CN_06_B12_M1_C1_P1,1972
37_CN_08_B12_M1_C1_P1,720
37_CN_09_B12_M1_C1_P1,23
37_CN_11_B12_M1_C1_P1,1434
37_CN_16_B12_M1_C1_P1,351
37_CN_18_B12_M1_C1_P1,429
38_CN_03_B12_M1_C1_P2,665
38_CN_04_B12_M1_C1_P2,101
38_CN_06_B12_M1_C1_P2,117
38_CN_09_B12_M1_C1_P2,23
38_CN_11_B12_M1_C1_P2,602
38_CN_12_B12_M1_C1_P2,720
38_CN_16_B12_M1_C1_P2,46
38_CN_18_B12_M1_C1_P2,949
39_CN_01_B12_M1_C1_P1,155
39_CN_02_B12_M1_C1_P1,117
39_CN_04_B20_M2_C6_P1,1727
39_CN_06_B6_M2_C6_P1,88
39_CN_07_B20_M2_C6_P1,5378
39_CN_11_B6_M2_C6_P1,410
39_CN_12_B6_M2_C6_P1,6012
39_CN_13_B6_M2_C6_P1,1049
39_CN_14_B6_M2_C6_P1,101
3_CN_02_B1_M1_C3_P1,409
3_CN_03_B1_M1_C3_P1,101
3_CN_05_B1_M1_C3_P1,93
3_CN_06_B1_M1_C3_P1,117
3_CN_13_B1_M1_C3_P1,140
3_CN_20_B1_M1_C3_P1,101
40_CN_01_B12_M1_C1_P2,602
40_CN_02_B12_M1_C1_P2,117
40_CN_06_B20_M2_C6_P2,5378
40_CN_07_B6_M2_C6_P2,3580
40_CN_11_B6_M2_C6_P2,355
40_CN_12_B6_M2_C6_P2,69
40_CN_14_B6_M2_C6_P2,1421
40_CN_18_B6_M2_C6_P2,58
40_CN_20_B6_M2_C6_P2,88
41_CN_01_B20_M2_C6_P1,1730
41_CN_03_B20_M2_C7_P1,117
41_CN_04_B20_M2_C7_P1_L007,218
41_CN_05_B20_M2_C7_P1,69
41_CN_06_B6_M2_C7_P1,1011
41_CN_09_B6_M2_C7_P1,88
41_CN_11_B6_M2_C7_P1,88
41_CN_12_B6_M2_C7_P1,135
41_CN_18_B6_M2_C7_P1,973
41_CN_20_B6_M2_C7_P1,69
42_CN_01_B20_M2_C6_P2,2768
42_CN_03_B20_M2_C7_P2,6017
42_CN_04_B20_M2_C7_P2,3580
42_CN_05_B20_M2_C7_P2,131
42_CN_06_B20_M2_C7_P2,2079
42_CN_07_B20_M2_C7_P2,48
42_CN_09_B6_M2_C7_P2,88
42_CN_11_B6_M2_C7_P2,69
42_CN_14_B6_M2_C7_P2,2307
42_CN_18_B6_M2_C7_P2,1582
42_CN_20_B6_M2_C7_P2,69
43_CN_01_B20_M2_C7_P1,38
43_CN_02_B20_M2_C7_P1,847
43_CN_03_B20_M2_C4_P1,1423
43_CN_11_B6_M2_C4_P1,1618
43_CN_12_B6_M2_C4_P1,131
43_CN_20_B6_M2_C4_P1,23
44_CN_02_B20_M2_C7_P2,1727
44_CN_03_B20_M2_C4_P2,540
44_CN_04_B20_M2_C4_P2,973
44_CN_07_B13_M2_C4_P2,1665
44_CN_11_B6_M2_C4_P2,117
44_CN_16_B6_M2_C4_P2,2726
44_CN_18_B6_M2_C4_P2,10
44_CN_20_B6_M2_C4_P2,3580
45_CN_01_B20_M2_C4_P1,540
45_CN_02_B20_M2_C4_P1,218
45_CN_03_B22_M1_C1_2_P1,117
45_CN_04_B22_M1_C1_2_P1,429
45_CN_05_B22_M1_C1_2_P1,2253
45_CN_11_B22_M1_C1_2_P1,38
45_CN_14_B22_M1_C1_2_P1,212
45_CN_16_B22_M1_C1_2_P1,2223
45_CN_18_B22_M1_C1_2_P1,212
45_CN_20_B22_M1_C1_2_P1,155
46_CN_01_B20_M2_C4_P2,355
46_CN_02_B20_M2_C4_P2,906
46_CN_03_B22_M1_C1_2_P2,371
46_CN_04_B22_M1_C1_2_P2,429
46_CN_05_B22_M1_C1_2_P2,23
46_CN_07_B22_M1_C1_2_P2,215
46_CN_11_B22_M1_C1_2_P2,5997
46_CN_12_B22_M1_C1_2_P2,131
46_CN_14_B22_M1_C1_2_P2,5995
46_CN_16_B22_M1_C1_2_P2,2171
47_CN_02_B22_M1_C1_2_P1,48
47_CN_05_B22_M3_C8_P1,88
47_CN_12_B22_M3_C8_P1,2230
47_CN_14_B22_M3_C8_P1,2111
47_CN_16_B22_M3_C8_P1,3168
47_CN_20_B22_M3_C8_P1,641
48_CN_02_B22_M1_C1_2_P2,2253
48_CN_05_B22_M3_C8_P2,6010
48_CN_14_B22_M3_C8_P2,101
48_CN_16_B22_M3_C8_P2,1721
48_CN_20_B22_M3_C8_P2,160
49_CN_01_B22_M3_C8_P1,5308
49_CN_02_B22_M3_C8_P1,101
49_CN_05_B22_M3_C9_P1,101
49_CN_06_B22_M3_C9_P1,767
49_CN_07_B22_M3_C9_P1,1434
4_CN_02_B1_M1_C3_P2,409
4_CN_04_B1_M1_C3_P2,117
4_CN_05_B1_M1_C3_P2,93
4_CN_06_B1_M1_C3_P2,117
4_CN_13_B1_M1_C3_P2,131
4_CN_14_B1_M1_C3_P2,6013
4_CN_16_B1_M1_C3_P2,399
4_CN_18_B1_M1_C3_P2,117
4_CN_20_B1_M1_C3_P2,2309
50_CN_01_B22_M3_C8_P2,401
50_CN_05_B22_M3_C9_P2,2230
50_CN_06_B22_M3_C9_P2,401
50_CN_08_B22_M3_C9_P2,101
51_CN_01_B22_M3_C9_P1,34
51_CN_02_B22_M3_C9_P1,641
51_CN_03_B10_M1_C2_P1,681
51_CN_04_B10_M1_C2_P1,295
51_CN_05_B10_M1_C2_P1,215
51_CN_06_B10_M1_C2_P1,1721
51_CN_07_B10_M1_C2_P1,5378
51_CN_12_B10_M1_C2_P1,162
51_CN_14_B10_M1_C2_P1,371
51_CN_16_B10_M1_C2_P1,351
51_CN_18_B10_M1_C2_P1,117
52_CN_02_B22_M3_C9_P2,542
52_CN_03_B10_M1_C2_P2,58
52_CN_04_B10_M1_C2_P2,58
52_CN_05_B10_M1_C2_P2,117
52_CN_06_B10_M1_C2_P2,371
52_CN_07_B10_M1_C2_P2,1434
52_CN_18_B10_M1_C2_P2,1914
52_CN_20_B10_M1_C2_P2,5993
53_CN_01_B10_M1_C2_P1,2606
53_CN_02_B10_M1_C2_P1,88
53_CN_03_B10_M1_C3_P1,363
53_CN_05_B10_M1_C3_P1,538
53_CN_07_B10_M1_C3_P1,1079
53_CN_12_B10_M1_C3_P1,2178
53_CN_16_B10_M1_C3_P1,5881
53_CN_18_B10_M1_C3_P1,38
54_CN_01_B10_M1_C2_P2,1434
54_CN_02_B10_M1_C2_P2,212
54_CN_03_B10_M1_C3_P2,681
54_CN_05_B10_M1_C3_P2,1056
54_CN_06_B10_M1_C3_P2,1304
54_CN_07_B10_M1_C3_P2,117
54_CN_12_B10_M1_C3_P2,117
54_CN_14_B10_M1_C3_P2,101
54_CN_16_B10_M1_C3_P2,1972
54_CN_18_B10_M1_C3_P2,1914
55_CN_01_B10_M1_C3_P1,23
55_CN_02_B10_M1_C3_P1,135
55_CN_04_B30_M1_C1_2_P1,3998
55_CN_06_B30_M1_C1_2_P1,215
55_CN_07_B30_M1_C1_2_P1,6002
55_CN_12_B30_M1_C1_2_P1,134
55_CN_16_B30_M1_C1_2_P1,3202
55_CN_20_B30_M1_C1_2_P1,3625
56_CN_01_B10_M1_C3_P2,5424
56_CN_02_B10_M1_C3_P2,5281
56_CN_03_B30_M1_C1_2_P2,93
56_CN_04_B30_M1_C1_2_P2,3998
56_CN_06_B30_M1_C1_2_P2,1429
56_CN_11_B30_M1_C1_2_P2,117
56_CN_16_B30_M1_C1_2_P2,117
56_CN_20_B30_M1_C1_2_P2,5156
57_CN_01_B30_M1_C1_2_P1,117
57_CN_02_B30_M1_C1_2_P1,6002
57_CN_03_B30_M1_C3_P1,212
57_CN_05_B30_M1_C3_P1,351
57_CN_06_B30_M1_C3_P1,23
57_CN_07_B30_M1_C3_P1,135
57_CN_11_B30_M1_C3_P1,95
57_CN_14_B30_M1_C3_P1,409
57_CN_16_B30_M1_C3_P1,501
57_CN_20_B30_M1_C3_P1,1721
58_CN_02_B30_M1_C1_2_P2,1429
58_CN_03_B30_M1_C3_P2,212
58_CN_05_B30_M1_C3_P2,117
58_CN_06_B30_M1_C3_P2,69
58_CN_07_B30_M1_C3_P2,135
58_CN_11_B30_M1_C3_P2,95
58_CN_12_B30_M1_C3_P2,117
58_CN_14_B30_M1_C3_P2,6016
58_CN_16_B30_M1_C3_P2,117
58_CN_20_B30_M1_C3_P2,10
59_CN-07_B11_M1_C1_P1_TTCAGCTC_L004,101
59_CN_02_B30_M1_C3_P1,131
59_CN_03_B11_M1_C1_P1,155
59_CN_04_B11_M1_C1_P1,117
59_CN_06_B11_M1_C1_P1,6004
59_CN_11_B11_M1_C1_P1,101
59_CN_12_B11_M1_C1_P1,117
59_CN_15_B11_M1_C1_P1,140
59_CN_16_B11_M1_C1_P1,3190
5_CN_02_B18_M1_C1_2_P1,602
5_CN_05_B18_M1_C1_2_P1,117
5_CN_06_B18_M1_C1_2_P1,117
5_CN_07_B18_M1_C1_2_P1,2178
5_CN_08_B18_M1_C1_2_P1,117
5_CN_12_B18_M1_C1_2_P1,1673
5_CN_13_B18_M1_C1_2_P1,117
5_CN_14_B18_M1_C1_2_P1,117
5_CN_16_B18_M1_C1_2_P1,117
5_CN_18_B18_M1_C1_2_P1,117
5_CN_20_B18_M1_C1_2_P1,117
60_CN_01_B30_M1_C3_P2,2223
60_CN_02_B30_M1_C3_P2,10
60_CN_03_B11_M1_C1_P2,23
60_CN_04_B11_M1_C1_P2,756
60_CN_06_B11_M1_C1_P2,6004
60_CN_07_B11_M1_C1_P2,371
60_CN_08_B11_M1_C1_P2,2040
60_CN_11_B11_M1_C1_P2,937
60_CN_12_B11_M1_C1_P2,6023
60_CN_15_B11_M1_C1_P2,140
61_CN_04_B17_M1_C4_P1_AGTCAAA_L003,401
61_CN_05_B17_M1_C4_P1,355
63_CN_04_B31_M3_C8_P1,57
63_CN_05_B31_M3_C8_P1,1434
63_CN_06_B31_M3_C8_P1,5378
63_CN_12_B31_M3_C8_P1,5378
64_CN_01_B17_M1_C4_P2,1252
64_CN_05_B31_M3_C8_P2,1434
64_CN_06_B31_M3_C8_P2,5378
64_CN_08_B31_M3_C8_P2,88
64_CN_12_B31_M3_C8_P2,399
64_CN_18_B31_M3_C8_P2,399
65_CN_01_B31_M3_C8_P1,1434
65_CN_03_B7_M1_C1_2_P1,10
65_CN_04_B7_M1_C1_2_P1,57
65_CN_06_B7_M1_C1_2_P1,117
65_CN_12_B7_M1_C1_2_P1,442
65_CN_14_B7_M1_C1_2_P1,5826
65_CN_18_B7_M1_C1_2_P1,351
66_CN_01_B31_M3_C8_P2,1434
66_CN_02_B31_M3_C8_P2,5378
66_CN_03_B7_M1_C1_2_P2,134
66_CN_04_B7_M1_C1_2_P2,117
66_CN_05_B7_M1_C1_2_P2,134
66_CN_06_B7_M1_C1_2_P2,117
66_CN_12_B7_M1_C1_2_P2,2161
66_CN_14_B7_M1_C1_2_P2,58
66_CN_15_B7_M1_C1_2_P2,23
67_CN_01_B7_M1_C1_2_P1,134
67_CN_02_B7_M1_C1_2_P1,88
67_CN_03_B7_M1_C4_P1,134
67_CN_04_B7_M1_C4_P1,134
67_CN_06_B7_M1_C4_P1,101
67_CN_12_B7_M1_C4_P1,95
67_CN_15_B7_M1_C4_P1,1463
67_CN_18_B7_M1_C4_P1,162
68_CN_01_B7_M1_C1_2_P2,135
68_CN_02_B7_M1_C1_2_P2,117
68_CN_03_B7_M1_C4_P2,134
68_CN_04_B7_M1_C4_P2,134
68_CN_06_B7_M1_C4_P2,134
68_CN_12_B7_M1_C4_P2,95
68_CN_15_B7_M1_C4_P2,5994
68_CN_18_B7_M1_C4_P2,88
69_CN_01_B7_M1_C4_P2,117
69_CN_05_B8_M1_C1_2_P1,135
69_CN_06_B8_M1_C1_2_P1,134
69_CN_07_B8_M1_C1_2_P1,134
69_CN_08_B8_M1_C1_2_P1,117
69_CN_09_B8_M1_C1_2_P1,134
69_CN_11_B8_M1_C1_2_P1,57
69_CN_14_B8_M1_C1_2_P1,117
69_CN_15_B8_M1_C1_2_P1,491
69_CN_16_B8_M1_C1_2_P1,155
69_CN_18_B8_M1_C1_2_P1,117
69_CN_20_B8_M1_C1_2_P1,23
6_CN_01_B18_M1_C1_2_P2,5281
6_CN_02_B18_M1_C1_2_P2,399
6_CN_06_B18_M1_C1_2_P2,117
6_CN_07_B18_M1_C1_2_P2,5378
6_CN_12_B18_M1_C1_2_P2,409
6_CN_13_B18_M1_C1_2_P2,1141
6_CN_14_B18_M1_C1_2_P2,399
6_CN_16_B18_M1_C1_2_P2,117
6_CN_18_B18_M1_C1_2_P2,683
6_CN_20_B18_M1_C1_2_P2,399
70_CN_01_B8_M1_C1_2_P1,117
70_CN_04_B8_M1_C1_2_P2,134
70_CN_05_B8_M1_C1_2_P2,134
70_CN_06_B8_M1_C1_2_P2,117
70_CN_07_B8_M1_C1_2_P2,134
70_CN_09_B8_M1_C1_2_P2,117
70_CN_11_B8_M1_C1_2_P2,57
70_CN_16_B8_M1_C1_2_P2,101
70_CN_18_B8_M1_C1_2_P2,117
70_CN_20_B8_M1_C1_2_P2,2175
71_CN_01_B8_M1_C1_2_P2,117
71_CN_02_B8_M1_C1_2_P2,10
71_CN_05_B23_M2_C5_P1,93
71_CN_06_B23_M2_C5_P1,69
71_CN_07_B23_M2_C5_P1,48
71_CN_11_B23_M2_C5_P1,540
71_CN_12_B23_M2_C5_P1,6014
71_CN_14_B23_M2_C5_P1,10
71_CN_16_B23_M2_C5_P1,117
71_CN_18_B38_M2_C5_P1,5135
72_CN_01_B23_M2_C5_P1,38
72_CN_02_B23_M2_C5_P1,6007
72_CN_03_B23_M2_C5_P2,135
72_CN_04_B23_M2_C5_P2,134
72_CN_05_B23_M2_C5_P2,131
72_CN_06_B23_M2_C5_P2,10
72_CN_07_B23_M2_C5_P2,93
72_CN_11_B23_M2_C5_P2,23
72_CN_12_B23_M2_C5_P2,580
72_CN_14_B23_M2_C5_P2,398
72_CN_15_B23_M2_C5_P2,58
72_CN_16_B23_M2_C5_P2,48
72_CN_18_B38_M2_C5_P2,155
73_CN_01_B23_M2_C5_P2,1159
73_CN_02_B23_M2_C5_P2,1141
73_CN_03_B23_M2_C4_P1,206
73_CN_04_B23_M2_C4_P1,23
73_CN_06_B23_M2_C4_P1,6026
73_CN_07_B23_M2_C4_P1,6007
73_CN_09_B23_M2_C4_P1,540
73_CN_11_B23_M2_C4_P1,101
73_CN_12_B23_M2_C4_P1,1125
73_CN_16_B23_M2_C4_P1,191
73_CN_18_B23_M2_C4_P1,6018
73_CN_20_B23_M2_C4_P1,428
74_CN_01_B23_M2_C4_P1,162
74_CN_02_B23_M2_C4_P1,978
74_CN_04_B23_M2_C4_P2,3580
74_CN_06_B23_M2_C4_P2,349
74_CN_07_B23_M2_C4_P2,88
74_CN_09_B23_M2_C4_P2,355
74_CN_11_B23_M2_C4_P2,131
74_CN_14_B23_M2_C4_P2,58
74_CN_16_B23_M2_C4_P2,428
75_CN_01_B23_M2_C4_P2,38
75_CN_02_B23_M2_C4_P2,10
75_CN_04_B24_M2_C4_P1,540
75_CN_06_B24_M2_C4_P1,162
75_CN_07_B24_M2_C4_P1,162
75_CN_11_B24_M2_C4_P1,69
75_CN_12_B24_M2_C4_P1,106
75_CN_14_B24_M2_C4_P1,746
75_CN_16_B24_M2_C4_P1,191
75_CN_18_B24_M2_C4_P1,117
75_CN_20_B24_M2_C4_P1,5996
76_CN_02_B24_M2_C4_P1,86
76_CN_04_B24_M2_C4_P2,117
76_CN_07_B24_M2_C4_P2,48
76_CN_11_B24_M2_C4_P2,47
76_CN_12_B24_M2_C4_P2,538
76_CN_14_B24_M2_C4_P2,355
76_CN_15_B24_M2_C4_P2,746
76_CN_16_B24_M2_C4_P2,978
76_CN_18_B24_M2_C4_P2,5996
76_CN_20_B24_M2_C4_P2,5996
77_CN_01_B24_M2_C4_P2,1844
77_CN_02_B24_M2_C4_P2,86
77_CN_03_B32_M3_C8_P1,652
77_CN_04_B32_M3_C8_P1,101
77_CN_06_B32_M3_C8_P1,101
77_CN_07_B32_M3_C8_P1,48
78_CN_01_B32_M3_C8_P1,162
78_CN_02_B32_M3_C8_P1,34
78_CN_04_B32_M3_C8_P2,224
78_CN_05_B32_M3_C8_P2,1244
78_CN_06_B32_M3_C8_P2,101
78_CN_07_B39_M3_C8_P2,101
78_CN_09_B39_M3_C8_P2,6028
78_CN_11_B39_M3_C8_P2,117
78_CN_20_B39_M3_C8_P2,1463
79_CN_01_B32_M3_C8_P2,162
79_CN_04_B32_M3_C9_P1,3057
79_CN_20_B32_M3_C9_P1,2025
7_CN_01_B18_M1_C3_P1,101
7_CN_02_B18_M1_C3_P1,88
7_CN_05_B18_M1_C3_P1,117
7_CN_06_B18_M1_C3_P1,134
7_CN_12_B18_M1_C3_P1,5940
7_CN_14_B18_M1_C3_P1,131
7_CN_16_B18_M1_C3_P1,117
7_CN_18_B18_M1_C3_P1,117
7_CN_20_B18_M1_C3_P1,117
80_CN_01_B32_M3_C9_P1,34
80_CN_02_B32_M3_C9_P1,1115
80_CN_06_B32_M3_C9_P2,10
80_CN_07_B32_M3_C9_P2,5899
80_CN_20_B32_M3_C9_P2,176
81_CN_01_B32_M3_C9_P2,795
81_CN_02_B32_M3_C9_P2,3745
81_CN_03_B19_M1_C1_2_P1,5940
81_CN_04_B19_M1_C1_2_P1,117
81_CN_05_B19_M1_C1_2_P1,155
81_CN_06_B19_M1_C1_2_P1,429
81_CN_07_B19_M1_C1_2_P1,101
81_CN_14_B19_M1_C1_2_P1,328
81_CN_15_B19_M1_C1_2_P1,48
81_CN_18_B19_M1_C1_2_P1,57
82_CN_01_B19_M1_C1_2_P1,117
82_CN_02_B19_M1_C1_2_P1,5378
82_CN_03_B19_M1_C1_2_P2,5378
82_CN_04_B19_M1_C1_2_P2,155
82_CN_05_B19_M1_C1_2_P2,345
82_CN_06_B19_M1_C1_2_P2,117
82_CN_07_B19_M1_C1_2_P2,93
82_CN_15_B19_M1_C1_2_P2,155
82_CN_18_B19_M1_C1_2_P2,57
83_CN_01_B19_M1_C1_2_P2,371
83_CN_02_B19_M1_C1_2_P2,131
83_CN_03_B19_M1_C3_P1,191
83_CN_04_B19_M1_C3_P1,155
83_CN_05_B19_M1_C3_P1,1079
83_CN_06_B19_M1_C3_P1,371
83_CN_07_B19_M1_C3_P1,117
83_CN_14_B19_M1_C3_P1,297
84_CN_01_B19_M1_C3_P1,5881
84_CN_02_B19_M1_C3_P1,23
84_CN_03_B19_M1_C3_P2,162
84_CN_04_B19_M1_C3_P2,371
84_CN_05_B19_M1_C3_P2,538
84_CN_06_B19_M1_C3_P2,371
84_CN_07_B19_M1_C3_P2,140
84_CN_12_B19_M1_C3_P2,23
85_CN_01_B19_M1_C3_P2,1286
85_CN_02_B19_M1_C3_P2,155
85_CN_04_B14_M1_C1_2_P1,23
85_CN_05_B14_M1_C1_2_P1,10
85_CN_06_B14_M1_C1_2_P1,401
86_CN_01_B14_M1_C1_2_P1,3338
86_CN_04_B14_M1_C1_2_P2,23
86_CN_05_B14_M1_C1_2_P2,101
86_CN_06_B14_M1_C1_2_P2,23
87_CN_01_B14_M1_C1_2_P2,57
87_CN_03_B14_M1_C3_P1,501
87_CN_04_B14_M1_C3_P1,3941
87_CN_05_B14_M1_C3_P1,401
87_CN_06_B14_M1_C3_P1,155
87_CN_07_B14_M1_C3_P1,117
88_CN_01_B14_M1_C3_P1,117
88_CN_02_B14_M1_C3_P1,23
88_CN_03_B14_M1_C3_P2,1161
88_CN_04_B14_M1_C3_P2,117
88_CN_05_B14_M1_C3_P2,355
88_CN_06_B14_M1_C3_P2,501
88_CN_07_B14_M1_C3_P2,2973
89_CN_01_B14_M1_C3_P2,117
89_CN_02_B14_M1_C3_P2,401
89_CN_05_B15_M1_C1_2_P1,635
89_CN_06_B15_M1_C1_2_P1,1316
89_CN_07_B15_M1_C1_2_P1,371
89_CN_11_B15_M1_C1_2_P1,1721
89_CN_12_B15_M1_C1_2_P1,23
89_CN_14_B15_M1_C1_2_P1,1316
8_CN_01_B18_M1_C3_P2,409
8_CN_02_B18_M1_C3_P2,141
8_CN_04_B18_M1_C3_P2,428
8_CN_05_B18_M1_C3_P2,371
8_CN_06_B18_M1_C3_P2,134
8_CN_12_B18_M1_C3_P2,101
8_CN_14_B18_M1_C3_P2,131
8_CN_18_B18_M1_C3_P2,117
8_CN_20_B18_M1_C3_P2,117
90_CN_01_B15_M1_C1_2_P1,117
90_CN_06_B15_M1_C1_2_P2,117
90_CN_07_B15_M1_C1_2_P2,399
90_CN_12_B15_M1_C1_2_P2,155
90_CN_14_B15_M1_C1_2_P2,641
91_CN_01_B15_M1_C1_2_P2,328
91_CN_02_B15_M1_C1_2_P2,131
91_CN_03_B16_M1_C1_2_P1,399
91_CN_04_B16_M1_C1_2_P1,399
91_CN_05_B16_M1_C1_2_P1,101
91_CN_06_B16_M1_C1_2_P1,10
91_CN_07_B16_M1_C1_2_P1,6005
91_CN_12_B16_M1_C1_2_P1,349
91_CN_14_B16_M1_C1_2_P1,3202
91_CN_18_B16_M1_C1_2_P1,93
91_CN_20_B16_M1_C1_2_P1,176
92_CN_01_B16_M1_C1_2_P1,135
92_CN_02_B16_M1_C1_2_P1,707
92_CN_03_B16_M1_C1_2_P2,399
92_CN_04_B16_M1_C1_2_P2,399
92_CN_05_B16_M1_C1_2_P2,101
92_CN_06_B16_M1_C1_2_P2,131
92_CN_12_B16_M1_C1_2_P2,155
92_CN_14_B16_M1_C1_2_P2,399
92_CN_15_B16_M1_C1_2_P2,38
92_CN_18_B16_M1_C1_2_P2,1844
92_CN_20_B16_M1_C1_2_P2,1721
93_CN_01_B16_M1_C1_2_P2,399
93_CN_02_B16_M1_C1_2_P2,3190
93_CN_03_B16_M1_C3_P1,117
93_CN_04_B16_M1_C3_P1,737
93_CN_05_B16_M1_C3_P1,641
93_CN_07_B16_M1_C3_P1,58
93_CN_11_B16_M1_C3_P1,3721
93_CN_12_B16_M1_C3_P1,117
93_CN_14_B16_M1_C3_P1,2253
93_CN_15_B16_M1_C3_P1,345
93_CN_18_B16_M1_C3_P1,4045
94_CN_02_B16_M1_C3_P1,541
94_CN_03_B16_M1_C3_P2,117
94_CN_04_B16_M1_C3_P2,117
94_CN_05_B16_M1_C3_P2,135
94_CN_12_B16_M1_C3_P2,355
94_CN_15_B16_M1_C3_P2,38
94_CN_18_B16_M1_C3_P2,399
95_CN_02_B16_M1_C3_P2,215
95_CN_03_B21_M1_C3_P1,1117
95_CN_04_B21_M1_C3_P1,101
95_CN_05_B21_M1_C3_P1,602
95_CN_06_B21_M1_C3_P1,770
95_CN_11_B21_M1_C3_P1,3721
95_CN_12_B21_M1_C3_P1,10
95_CN_15_B21_M1_C3_P1,6024
95_CN_18_B21_M1_C3_P1,6020
95_CN_20_B21_M1_C3_P1,1056
96_CN_03_B21_M1_C3_P2,176
96_CN_04_B21_M1_C3_P2,2795
96_CN_05_B21_M1_C3_P2,23
96_CN_06_B21_M1_C3_P2,3721
96_CN_07_B21_M1_C3_P2,10
96_CN_11_B21_M1_C3_P2,409
96_CN_12_B21_M1_C3_P2,117
96_CN_15_B21_M1_C3_P2,124
96_CN_18_B21_M1_C3_P2,409
96_CN_20_B21_M1_C3_P2,155
97_CN_04_B6_M2_C5_P1,117
97_CN_05_B6_M2_C5_P1,540
97_CN_06_B6_M2_C5_P1,410
97_CN_07_B6_M2_C5_P1,2161
97_CN_14_B6_M2_C5_P1,1582
97_CN_20_B6_M2_C5_P1,919
98_CN_01_B21_M1_C3_P1,23
98_CN_02_B21_M1_C3_P1,2309
98_CN_03_B6_M2_C5_P2,770
98_CN_04_B6_M2_C5_P2,88
98_CN_05_B6_M2_C5_P2,540
98_CN_07_B6_M2_C5_P2,117
98_CN_09_B6_M2_C5_P2,88
98_CN_14_B6_M2_C5_P2,540
98_CN_20_B6_M2_C5_P2,46
99_CN_01_B21_M1_C3_P2,6030
99_CN_02_B21_M1_C3_P2,101
99_CN_03_B6_M2_C4_P1_L007,410
99_CN_04_B6_M2_C4_P1,540
99_CN_05_B6_M2_C4_P1,457
99_CN_06_B6_M2_C4_P1,706
99_CN_07_B6_M2_C4_P1,69
99_CN_09_B6_M2_C4_P1,398
99_CN_11_B6_M2_C4_P1,410
99_CN_12_B6_M2_C4_P1,131
99_CN_13_B6_M2_C4_P1,1303
99_CN_14_B6_M2_C4_P1,1386
99_CN_15_B6_M2_C4_P1,355
99_CN_18_B6_M2_C4_P1,69
99_CN_20_B6_M2_C4_P1,540
9_CN_01_B2_M1_C2_P1,115
9_CN_02_B2_M1_C2_P1,101
9_CN_05_B2_M1_C2_P1,162
9_CN_06_B2_M1_C2_P1,1684
9_CN_07_B2_M1_C2_P1,707
9_CN_12_B2_M1_C2_P1,117
9_CN_13_B2_M1_C2_P1,580
9_CN_16_B2_M1_C2_P1,117
9_CN_18_B2_M1_C2_P1,189
9_CN_20_B2_M1_C2_P1,453
E_coli-100_CN_03_B6_M2_C4_P2,2079
E_coli-38_CN_07_B12_M1_C1_P2,23
E_coli-40_CN_04_B20_M2_C6_P2_GAGTGG_L008,1141
E_coli-48_CN_03_B22_M3_C8_P2_GTTTCG_L008,871
E_coli-49_CN_03_B22_M3_C9_P1,1011
E_coli-50_CN_03_B22_M3_C9_P2,6031
E_coli-58_CN_01_B30_M1_C12_P2,135
E_coli-71_CN_03_B23_M2_C5_P1,6007
E_coli-74_CN_03_B23_M2_C4_P2,355
E_coli-75_CN_03_B24_M2_C4_P1,6033
E_coli-76_CN_03_B24_M2_C4_P2,86
E_coli-78_CN_03_B32_M3_C8_P2,56
E_coli-90_CN_02_B15_M1_C12_P1,10
E_coli-97_CN_03_B6_M2_C5_P1,2556
Escherichia_coli_100-CN-19-B6-M2-C4-P2,10
Escherichia_coli_100-CN-23-B6-M2-C4-P2,155
Escherichia_coli_100_CN-09_B6_M2_C4_P2,3721
Escherichia_coli_100_CN-16_B6_M2_C4_P2,5459
Escherichia_coli_100_CN-17_B6_M2_C4_P2,410
Escherichia_coli_100_CN-21_B6_M2_C4_P2,2079
Escherichia_coli_100_CN-22_B6_M2_C4_P2,355
Escherichia_coli_100_CN-24_B6_M2_C4_P2,23
Escherichia_coli_101_CN-08_B33_M1_C1_2_P1,117
Escherichia_coli_101_CN-09_B33_M1_C1_2_P1,5378
Escherichia_coli_101_CN-17_B33_M1_C1_2_P1,117
Escherichia_coli_101_CN-19_B33_M1_C1_2_P1,491
Escherichia_coli_101_CN-21_B33_M1_C1_2_P1,212
Escherichia_coli_101_CN-22_B33_M1_C1_2_P1,23
Escherichia_coli_101_CN-24_B33_M1_C1_2_P1,117
Escherichia_coli_102_CN-09_B33_M1_C1_2_P2,1316
Escherichia_coli_102_CN-10_B33_M1_C1_2_P2,10
Escherichia_coli_102_CN-16_B33_M1_C1_2_P2,1316
Escherichia_coli_102_CN-17_B33_M1_C1_2_P2,6032
Escherichia_coli_102_CN-19_B33_M1_C1_2_P2,501
Escherichia_coli_102_CN-21_B33_M1_C1_2_P2,1434
Escherichia_coli_102_CN-22_B33_M1_C1_2_P2,362
Escherichia_coli_102_CN-24_B33_M1_C1_2_P2,117
Escherichia_coli_103_CN-18_B33_M3_C8_P1,399
Escherichia_coli_103_CN-21_B33_M3_C8_P1,10
Escherichia_coli_104_CN-08_B33_M3_C8_P2_TGTTCTCC_L006,1434
Escherichia_coli_104_CN-21_B33_M3_C8_P2,399
Escherichia_coli_105_CN-10_B6_M2_C5_P1,58
Escherichia_coli_105_CN-17_B6_M2_C5_P1,1785
Escherichia_coli_105_CN-19_B6_M2_C5_P1,540
Escherichia_coli_105_CN-22_B6_M2_C5_P1,58
Escherichia_coli_105_CN-24_B6_M2_C5_P1,540
Escherichia_coli_105_CN_08_B6_M2_C5_P1_GACCTTAG_L003,58
Escherichia_coli_106_CN-09_B6_M2_C5_P2,58
Escherichia_coli_106_CN-10_B6_M2_C5_P2,58
Escherichia_coli_106_CN-17_B6_M2_C5_P2,410
Escherichia_coli_106_CN-19_B6_M2_C5_P2,46
Escherichia_coli_106_CN-22_B6_M2_C5_P2,533
Escherichia_coli_106_CN-24_B6_M2_C5_P2,58
Escherichia_coli_106_CN_08_B6_M2_C5_P2_GCCTGTTC_L004,48
Escherichia_coli_107_CN-09_B34_M3_C8_P1,10
Escherichia_coli_107_CN-12_B34_M3_C8_P1,176
Escherichia_coli_107_CN-17_B34_M3_C8_P1,23
Escherichia_coli_108_CN-09_B34_M3_C8_P2,448
Escherichia_coli_108_CN-12_B34_M3_C8_P2,176
Escherichia_coli_108_CN-17_B34_M3_C8_P2,117
Escherichia_coli_109_CN-12_B35_M3_C9_P1,2163
Escherichia_coli_109_CN-21_B35_M3_C9_P1,394
Escherichia_coli_109_CN-22_B35_M3_C9_P1,2628
Escherichia_coli_109_CN-23_B35_M3_C9_P1,602
Escherichia_coli_109_CN-24_B35_M3_C9_P1,6029
Escherichia_coli_10_CN-09_B2_M1_C2_P2,43
Escherichia_coli_10_CN-11_B2_M1_C2_P2,607
Escherichia_coli_10_CN-17_B2_M1_C2_P2,3580
Escherichia_coli_10_CN-18_B2_M1_C2_P2,155
Escherichia_coli_10_CN-19_B2_M1_C2_P2,297
Escherichia_coli_10_CN-21_B2_M1_C2_P2,135
Escherichia_coli_10_CN-22_B2_M1_C2_P2,117
Escherichia_coli_10_CN-23_B2_M1_C2_P2,5995
Escherichia_coli_10_CN_15_B2_M1_C2_P2,101
Escherichia_coli_110_CN-08_B35_M3_C9_P2,542
Escherichia_coli_110_CN-11_B35_M3_C9_P2,2163
Escherichia_coli_110_CN-12_B35_M3_C9_P2,2163
Escherichia_coli_110_CN-17_B35_M3_C9_P2,6114
Escherichia_coli_110_CN-21_B35_M3_C9_P2,2175
Escherichia_coli_110_CN-22_B35_M3_C9_P2,429
Escherichia_coli_110_CN-23_B35_M3_C9_P2,2175
Escherichia_coli_110_CN-24_B35_M3_C9_P2,2792
Escherichia_coli_111_CN-08_B26_M3_C8_P1,542
Escherichia_coli_112_CN-08_B26_M3_C8_P2_TTCGCACC_L006,399
Escherichia_coli_112_CN-09_B26_M3_C8_P2,541
Escherichia_coli_113-CN-23-B36-M1-C4-P1,345
Escherichia_coli_113_CN-09_B36_M1_C4_P1,428
Escherichia_coli_113_CN-10_B36_M1_C4_P1,10
Escherichia_coli_113_CN-12_B36_M1_C4_P1,88
Escherichia_coli_113_CN-22_B36_M1_C4_P1,2485
Escherichia_coli_113_CN_11_B36_M1_C4_P1,101
Escherichia_coli_114_CN-02_B26_M3_C8_P1,2522
Escherichia_coli_114_CN-08_B36_M1_C4_P2,34
Escherichia_coli_114_CN-09_B36_M1_C4_P2,23
Escherichia_coli_114_CN-10_B36_M1_C4_P2,10
Escherichia_coli_114_CN-12_B36_M1_C4_P2,88
Escherichia_coli_114_CN-21_B36_M1_C4_P2,515
Escherichia_coli_114_CN-22_B36_M1_C4_P2,117
Escherichia_coli_114_CN-23_B36_M1_C4_P2,58
Escherichia_coli_114_CN_11_B36_M1_C4_P2,101
Escherichia_coli_115_CN-08_B37_M3_C8_P1,1434
Escherichia_coli_115_CN-17_B37_M3_C8_P1,607
Escherichia_coli_115_CN_03_B37_M3_C8_P1,58
Escherichia_coli_116_CN-10_B37_M3_C8_P2,398
Escherichia_coli_116_CN-12_B37_M3_C8_P2,399
Escherichia_coli_116_CN-17_B37_M3_C8_P2,607
Escherichia_coli_116_CN-23_B37_M3_C8_P2,101
Escherichia_coli_117_CN-08_B40_M1_C1_P1,501
Escherichia_coli_117_CN-16_B40_M1_C1_P1,635
Escherichia_coli_117_CN-17_B40_M1_C1_P1,2485
Escherichia_coli_117_CN-19_B40_M1_C1_P1,108
Escherichia_coli_117_CN-21_B40_M1_C1_P1,10
Escherichia_coli_117_CN-24_B40_M1_C1_P1,23
Escherichia_coli_118-CN-23-B40-M1-C1-P2,131
Escherichia_coli_118_CN-08_B40_M1_C1_P2,409
Escherichia_coli_118_CN-09_B40_M1_C1_P2,23
Escherichia_coli_118_CN-17_B40_M3_C9_P2_TCATTGAG_L001,355
Escherichia_coli_118_CN-19_B40_M1_C1_P2,349
Escherichia_coli_118_CN-21_B40_M1_C1_P2,10
Escherichia_coli_118_CN-24_B40_M1_C1_P2,23
Escherichia_coli_119-CN-23-B36-M3-C9-P1,1308
Escherichia_coli_119_CN-17_B36_M3_C9_P1,410
Escherichia_coli_119_CN-22_B36_M3_C9_P1,88
Escherichia_coli_119_CN-24_B36_M3_C9_P1,410
Escherichia_coli_11_CN-08_B3_M1_C3_P1,155
Escherichia_coli_11_CN-09_B3_M1_C3_P1,3580
Escherichia_coli_11_CN-10_B3_M1_C3_P1,117
Escherichia_coli_11_CN-17_B3_M1_C3_P1,34
Escherichia_coli_11_CN-19_B3_M1_C3_P1,117
Escherichia_coli_11_CN-21_B3_M1_C3_P1,297
Escherichia_coli_11_CN-22_B3_M1_C3_P1,215
Escherichia_coli_11_CN-23_B3_M1_C3_P1,115
Escherichia_coli_11_CN-24_B3_M1_C3_P1,115
Escherichia_coli_11_CN_03_B3_M1_C3_P1,1594
Escherichia_coli_11_CN_15_B3_M1_C3_P1,398
Escherichia_coli_120_CN-23_B36_M3_C9_P2,362
Escherichia_coli_120_CN-24_B36_M3_C9_P2,58
Escherichia_coli_120_CN_17_B36_M3_C9_P2,48
Escherichia_coli_121_CN-17_B10_M2_C4_P1,10
Escherichia_coli_121_CN-19_B10_M2_C4_P1,10
Escherichia_coli_121_CN-21_B10_M2_C4_P1,38
Escherichia_coli_121_CN-22_B10_M2_C4_P1,135
Escherichia_coli_121_CN-23_B10_M2_C4_P1,88
Escherichia_coli_122-CN-22-B10-M2-C4-P2,88
Escherichia_coli_122_CN-17_B10_M2_C4_P2,345
Escherichia_coli_122_CN-18_B10_M2_C4_P2,10
Escherichia_coli_122_CN-19_B10_M2_C4_P2,355
Escherichia_coli_122_CN-21_B10_M2_C4_P2,3580
Escherichia_coli_122_CN-23_B10_M2_C4_P2,58
Escherichia_coli_123_CN-17_B30_M1_C4_P1,117
Escherichia_coli_123_CN-21_B30_M1_C4_P1,117
Escherichia_coli_123_CN-22_B30_M1_C4_P1,88
Escherichia_coli_124-CN-19-B30-M1-C4-P2,117
Escherichia_coli_124_CN-16_B30_M1_C4_P2,57
Escherichia_coli_124_CN-17_B30_M1_C4_P2,88
Escherichia_coli_124_CN-21_B30_M1_C4_P2,2171
Escherichia_coli_124_CN-22_B30_M1_C4_P2,3580
Escherichia_coli_125_CN-16_B41_M1_C1_P1,117
Escherichia_coli_125_CN-19_B41_M1_C1_P1,117
Escherichia_coli_125_CN-22_B41_M1_C1_P1,140
Escherichia_coli_125_CN-23_B41_M1_C1_P1,140
Escherichia_coli_125_CN-24_B41_M1_C1_P1,355
Escherichia_coli_126_CN-16_B41_M1_C1_P2,117
Escherichia_coli_126_CN-19_B41_M1_C1_P2,57
Escherichia_coli_126_CN-22_B41_M1_C1_P2,117
Escherichia_coli_126_CN-23_B41_M1_C1_P2,5378
Escherichia_coli_126_CN-24_B41_M1_C1_P2,117
Escherichia_coli_127-CN-22-B2-M1-C3-P1,135
Escherichia_coli_127_CN-15_B2_M1_C3_P1,131
Escherichia_coli_127_CN-16_B2_M1_C3_P1,117
Escherichia_coli_127_CN-19_B2_M1_C3_P1,117
Escherichia_coli_127_CN-24_B2_M1_C3_P1,88
Escherichia_coli_128_CN-16_B2_M1_C3_P2,38
Escherichia_coli_128_CN-19_B2_M1_C3_P2,349
Escherichia_coli_128_CN-22_B2_M1_C3_P2,297
Escherichia_coli_128_CN-24_B2_M1_C3_P2,6115
Escherichia_coli_12_CN-08_B3_M1_C3_P2,155
Escherichia_coli_12_CN-09_B3_M1_C3_P2,135
Escherichia_coli_12_CN-10_B3_M1_C3_P2,345
Escherichia_coli_12_CN-17_B3_M1_C3_P2,3580
Escherichia_coli_12_CN-19_B3_M1_C3_P2,117
Escherichia_coli_12_CN-21_B3_M1_C3_P2,93
Escherichia_coli_12_CN-22_B3_M1_C3_P2,6077
Escherichia_coli_12_CN-23_B3_M1_C3_P2,1286
Escherichia_coli_12_CN-24_B3_M1_C3_P2,38
Escherichia_coli_12_CN_03_B3_M1_C3_P2,371
Escherichia_coli_12_CN_15_B3_M1_C3_P2,388
Escherichia_coli_131_CN-17_B42_M1_C1_P1,708
Escherichia_coli_131_CN-18_B42_M1_C1_P1,770
Escherichia_coli_131_CN-19_B42_M1_C1_P1,366
Escherichia_coli_131_CN-21_B42_M1_C1_P1,93
Escherichia_coli_131_CN-22_B42_M1_C1_P1,371
Escherichia_coli_131_CN-23_B42_M1_C1_P1,409
Escherichia_coli_131_CN-24_B42_M1_C1_P1,155
Escherichia_coli_132_CN-15_B42_M1_C1_P2,366
Escherichia_coli_132_CN-17_B42_M1_C1_P2,409
Escherichia_coli_132_CN-18_B42_M1_C1_P2,2040
Escherichia_coli_132_CN-19_B42_M1_C1_P2,409
Escherichia_coli_132_CN-21_B42_M1_C1_P2,93
Escherichia_coli_132_CN-22_B42_M1_C1_P2,5940
Escherichia_coli_132_CN-24_B42_M1_C1_P2,295
Escherichia_coli_133-CN-23-B44-M1-C1-P1,1415
Escherichia_coli_133_CN-19_B44_M1_C1_P1,101
Escherichia_coli_133_CN-21_B44_M1_C1_P1,536
Escherichia_coli_133_CN-24_B44_M1_C1_P1,46
Escherichia_coli_134_CN-17_B44_M1_C1_P2,48
Escherichia_coli_134_CN-19_B44_M1_C1_P2,101
Escherichia_coli_134_CN-23_B44_M1_C1_P2,10
Escherichia_coli_134_CN-24_B44_M1_C1_P2,48
Escherichia_coli_134_CN_21_B44_M1_C1_P2,23
Escherichia_coli_135_CN-17_B44_M1_C3_P1,165
Escherichia_coli_135_CN-21_B44_M1_C3_P1,1086
Escherichia_coli_135_CN-22_B44_M1_C3_P1,2521
Escherichia_coli_135_CN-23_B44_M1_C3_P1,3580
Escherichia_coli_135_CN-24_B44_M1_C3_P1,117
Escherichia_coli_136_CN-17_B44_M1_C3_P2,70
Escherichia_coli_136_CN-21_B44_M1_C3_P2,4935
Escherichia_coli_136_CN-22_B44_M1_C3_P2,1716
Escherichia_coli_136_CN-23_B44_M1_C3_P2,117
Escherichia_coli_136_CN-24_B44_M1_C3_P2,212
Escherichia_coli_13_CN-08_B4_M1_C1_P1,101
Escherichia_coli_13_CN-09_B4_M1_C1_P1,154
Escherichia_coli_13_CN-10_B4_M1_C1_P1,93
Escherichia_coli_13_CN-17_B4_M1_C1_P1,366
Escherichia_coli_13_CN-19_B4_M1_C1_P1,5940
Escherichia_coli_13_CN-21_B4_M1_C1_P1,117
Escherichia_coli_13_CN-22_B4_M1_C1_P1,101
Escherichia_coli_13_CN-23_B4_M1_C1_P1,43
Escherichia_coli_14_CN-08_B4_M1_C1_P2,88
Escherichia_coli_14_CN-09_B4_M1_C1_P2,607
Escherichia_coli_14_CN-10_B4_M1_C1_P2,162
Escherichia_coli_14_CN-17_B4_M1_C1_P2,101
Escherichia_coli_14_CN-19_B4_M1_C1_P2,101
Escherichia_coli_14_CN-21_B4_M1_C1_P2,101
Escherichia_coli_14_CN-22_B4_M1_C1_P2,101
Escherichia_coli_14_CN-23_B4_M1_C1_P2,93
Escherichia_coli_14_CN_03_B4_M1_C1_P2,43
Escherichia_coli_14_CN_15_B4_M1_C1_P2,57
Escherichia_coli_15_CN-08_B4_M1_C3_P1,349
Escherichia_coli_15_CN-10_B4_M1_C3_P1,6073
Escherichia_coli_15_CN-17_B4_M1_C3_P1,101
Escherichia_coli_15_CN-19_B4_M1_C3_P1,23
Escherichia_coli_15_CN-21_B4_M1_C3_P1,399
Escherichia_coli_15_CN-22_B4_M1_C3_P1,2253
Escherichia_coli_15_CN-23_B4_M1_C3_P1,349
Escherichia_coli_15_CN-24_B4_M1_C3_P1,117
Escherichia_coli_15_CN_03_B4_M1_C3_P1,349
Escherichia_coli_15_CN_15_B4_M1_C3_P1,371
Escherichia_coli_16-CN-24-B4-M1-C3-P2,43
Escherichia_coli_16_CN-08_B4_M1_C3_P2,1141
Escherichia_coli_16_CN-10_B4_M1_C3_P2,117
Escherichia_coli_16_CN-17_B4_M1_C3_P2,101
Escherichia_coli_16_CN-19_B4_M1_C3_P2,117
Escherichia_coli_16_CN-22_B4_M1_C3_P2,57
Escherichia_coli_16_CN-23_B4_M1_C3_P2,1594
Escherichia_coli_16_CN_15_B4_M1_C3_P2,371
Escherichia_coli_17_CN-08_B5_M1_C1_P1,212
Escherichia_coli_17_CN-10_B5_M1_C1_P1,4162
Escherichia_coli_17_CN-16_B5_M1_C1_P1,1434
Escherichia_coli_17_CN-18_B5_M1_C1_P1,937
Escherichia_coli_17_CN-19_B5_M1_C1_P1,162
Escherichia_coli_17_CN-21_B5_M1_C1_P1,4045
Escherichia_coli_17_CN-22_B5_M1_C1_P1,1158
Escherichia_coli_17_CN-23_B5_M1_C1_P1,6069
Escherichia_coli_17_CN-24_B5_M1_C1_P1,1276
Escherichia_coli_17_CN_03_B5_M1_C1_P1,101
Escherichia_coli_17_CN_15_B5_M1_C1_P1,1721
Escherichia_coli_18_CN-08_B5_M1_C1_P2,1721
Escherichia_coli_18_CN-10_B5_M1_C1_P2,23
Escherichia_coli_18_CN-19_B5_M1_C1_P2,155
Escherichia_coli_18_CN-21_B5_M1_C1_P2,1721
Escherichia_coli_18_CN-22_B5_M1_C1_P2,1429
Escherichia_coli_18_CN-23_B5_M1_C1_P2,6069
Escherichia_coli_18_CN-24_B5_M1_C1_P2,117
Escherichia_coli_18_CN_03_B5_M1_C1_P2,1252
Escherichia_coli_18_CN_15_B5_M1_C1_P2,399
Escherichia_coli_19_CN-08_B5_M1_C4_P1,1721
Escherichia_coli_19_CN-10_B5_M1_C4_P1,117
Escherichia_coli_19_CN-17_B5_M1_C4_P1,117
Escherichia_coli_19_CN-19_B5_M1_C4_P1,155
Escherichia_coli_19_CN-21_B5_M1_C4_P1,117
Escherichia_coli_19_CN-22_B5_M1_C4_P1,1163
Escherichia_coli_19_CN-24_B5_M1_C4_P1,23
Escherichia_coli_19_CN_03_B5_M1_C4_P1,371
Escherichia_coli_19_CN_15_B5_M1_C4_P1,1434
Escherichia_coli_1_CN-08_B1_M1_C1_P1,1434
Escherichia_coli_1_CN-09_B1_M1_C1_P1,117
Escherichia_coli_1_CN-10_B1_M1_C1_P1,1721
Escherichia_coli_1_CN-11_B1_M1_C1_P1,23
Escherichia_coli_1_CN-14_B1_M1_C1_P1,5281
Escherichia_coli_1_CN-17_B1_M1_C1_P1,131
Escherichia_coli_1_CN-19_B1_M1_C1_P1,1429
Escherichia_coli_1_CN-21_B1_M1_C1_P1,602
Escherichia_coli_1_CN-22_B1_M1_C1_P1,95
Escherichia_coli_1_CN-23_B1_M1_C1_P1,3202
Escherichia_coli_1_CN-24_B1_M1_C1_P1,362
Escherichia_coli_1_CN_15_B1_M1_C1_P1,3258
Escherichia_coli_20_CN-08_B5_M1_C4_P2,1721
Escherichia_coli_20_CN-10_B5_M1_C4_P2,1721
Escherichia_coli_20_CN-17_B5_M1_C4_P2,23
Escherichia_coli_20_CN-19_B5_M1_C4_P2,23
Escherichia_coli_20_CN-21_B5_M1_C4_P2,23
Escherichia_coli_20_CN-22_B5_M1_C4_P2,1163
Escherichia_coli_20_CN-24_B5_M1_C4_P2,23
Escherichia_coli_20_CN_03_B5_M1_C4_P2,295
Escherichia_coli_20_CN_15_B5_M1_C4_P2,10
Escherichia_coli_23_CN-08_B5_M2_C4_P1,2079
Escherichia_coli_23_CN-09_B5_M2_C4_P1,616
Escherichia_coli_23_CN-17_B43_M2_C4_P1,10
Escherichia_coli_23_CN-19_B43_M2_C4_P1,362
Escherichia_coli_23_CN-21_B43_M2_C4_P1,58
Escherichia_coli_23_CN-22_B43_M2_C4_P1,919
Escherichia_coli_23_CN-23_B43_M2_C4_P1,75
Escherichia_coli_23_CN_15_B43_M2_C4_P1,428
Escherichia_coli_24_CN-08_B5_M2_C4_P2,2792
Escherichia_coli_24_CN-17_B43_M2_C4_P2,10
Escherichia_coli_24_CN-19_B43_M2_C4_P2,88
Escherichia_coli_24_CN-21_B43_M2_C4_P2,540
Escherichia_coli_24_CN-22_B43_M2_C4_P2,297
Escherichia_coli_24_CN-23_B43_M2_C4_P2,442
Escherichia_coli_24_CN_03_B5_M2_C4_P2,345
Escherichia_coli_24_CN_15_B43_M2_C4_P2,457
Escherichia_coli_25_CN-08_B6_M2_C4_P1,88
Escherichia_coli_25_CN-10_B6_M2_C4_P1,58
Escherichia_coli_25_CN-16_B6_M2_C4_P1,1582
Escherichia_coli_25_CN-17_B6_M2_C4_P1,38
Escherichia_coli_25_CN-19_B6_M2_C4_P1,58
Escherichia_coli_25_CN-21_B6_M2_C4_P1,1582
Escherichia_coli_25_CN-22_B6_M2_C4_P1,2017
Escherichia_coli_25_CN-23_B6_M2_C4_P1,88
Escherichia_coli_25_CN-24_B6_M2_C4_P1,351
Escherichia_coli_26_CN-09_B6_M2_C4_P2,88
Escherichia_coli_26_CN-10_B6_M2_C4_P2,1125
Escherichia_coli_26_CN-17_B6_M2_C4_P2,162
Escherichia_coli_26_CN-19_B6_M2_C4_P2,457
Escherichia_coli_26_CN-21_B6_M2_C4_P2,46
Escherichia_coli_26_CN-23_B6_M2_C4_P2,540
Escherichia_coli_26_CN-24_B6_M2_C4_P2,5542
Escherichia_coli_26_CN_03_B6_M2_C4_P2,1386
Escherichia_coli_27_CN-08_B6_M2_C5_P1,362
Escherichia_coli_27_CN-10_B6_M2_C5_P1,117
Escherichia_coli_27_CN-14_B6_M2_C5_P1,355
Escherichia_coli_27_CN-17_B6_M2_C5_P1,117
Escherichia_coli_27_CN-19_B6_M2_C5_P1,10
Escherichia_coli_27_CN-21_B6_M2_C5_P1,1319
Escherichia_coli_27_CN-22_B6_M2_C5_P1,1844
Escherichia_coli_27_CN-23_B6_M2_C5_P1,1618
Escherichia_coli_27_CN-24_B6_M2_C5_P1,540
Escherichia_coli_27_CN_15_B6_M2_C5_P1,540
Escherichia_coli_28_CN-10_B6_M2_C5_P2,1582
Escherichia_coli_28_CN-17_B6_M2_C5_P2,117
Escherichia_coli_28_CN-21_B6_M2_C5_P2,1163
Escherichia_coli_28_CN-22_B6_M2_C5_P2,162
Escherichia_coli_28_CN-23_B6_M2_C5_P2,540
Escherichia_coli_28_CN-24_B6_M2_C5_P2,540
Escherichia_coli_28_CN_15_B6_M2_C5_P2,540
Escherichia_coli_29-CN-24-B26-M3-C9-P1,165
Escherichia_coli_29_CN-08_B26_M3_C9_P1,162
Escherichia_coli_29_CN-09_B26_M3_C9_P1,117
Escherichia_coli_29_CN-10_B26_M3_C9_P1,131
Escherichia_coli_29_CN-19_B26_M3_C9_P1,409
Escherichia_coli_29_CN-22_B26_M3_C9_P1,1011
Escherichia_coli_29_CN-23_B26_M3_C9_P1,88
Escherichia_coli_29_CN_15_B26_M3_C9_P1,847
Escherichia_coli_2_CN-08_B1_M1_C1_P2,134
Escherichia_coli_2_CN-09_B1_M1_C1_P2,1316
Escherichia_coli_2_CN-10_B1_M1_C1_P2,429
Escherichia_coli_2_CN-11_B1_M1_C1_P2,162
Escherichia_coli_2_CN-16_B1_M1_C1_P2,117
Escherichia_coli_2_CN-17_B1_M1_C1_P2,117
Escherichia_coli_2_CN-18_B1_M1_C1_P2,101
Escherichia_coli_2_CN-19_B1_M1_C1_P2,1429
Escherichia_coli_2_CN-21_B1_M1_C1_P2,6016
Escherichia_coli_2_CN-22_B1_M1_C1_P2,95
Escherichia_coli_2_CN-23_B1_M1_C1_P2,134
Escherichia_coli_2_CN-24_B1_M1_C1_P2,362
Escherichia_coli_2_CN_03_B1_M1_C1_P2,117
Escherichia_coli_2_CN_15_B1_M1_C1_P2,88
Escherichia_coli_30_CN-08_B26_M3_C9_P2,101
Escherichia_coli_30_CN-09_B26_M3_C9_P2,641
Escherichia_coli_30_CN-10_B26_M3_C9_P2,793
Escherichia_coli_30_CN-17_B26_M3_C9_P2,162
Escherichia_coli_30_CN-19_B26_M3_C9_P2,399
Escherichia_coli_30_CN-21_B26_M3_C9_P2,58
Escherichia_coli_30_CN-22_B26_M3_C9_P2,1011
Escherichia_coli_30_CN-23_B26_M3_C9_P2,165
Escherichia_coli_30_CN-24_B26_M3_C9_P2,34
Escherichia_coli_30_CN_03_B26_M3_C9_P2,847
Escherichia_coli_30_CN_15_B26_M3_C9_P2,40
Escherichia_coli_31_CN-08_B27_M3_C8_P1,1434
Escherichia_coli_31_CN-10_B27_M3_C8_P1,3933
Escherichia_coli_31_CN-19_B27_M3_C8_P1,641
Escherichia_coli_31_CN_15_B27_M3_C8_P1,453
Escherichia_coli_32_CN-08_B27_M3_C8_P2,1434
Escherichia_coli_32_CN-10_B27_M3_C8_P2,23
Escherichia_coli_32_CN-17_B27_M3_C8_P2,101
Escherichia_coli_32_CN-19_B27_M3_C8_P2,101
Escherichia_coli_32_CN-21_B27_M3_C8_P2,88
Escherichia_coli_32_CN_15_B27_M3_C8_P2,10
Escherichia_coli_33_CN-10_B28_M3_C8_P1,1800
Escherichia_coli_33_CN-17_B28_M3_C8_P1,399
Escherichia_coli_33_CN-22_B28_M3_C8_P1,58
Escherichia_coli_33_CN-24_B28_M3_C8_P1,3202
Escherichia_coli_34_CN-10_B28_M3_C8_P2,399
Escherichia_coli_34_CN-17_B28_M3_C8_P2,6068
Escherichia_coli_34_CN-22_B28_M3_C8_P2,793
Escherichia_coli_34_CN_03_B28_M3_C8_P2,5308
Escherichia_coli_35_CN-09_B29_M3_C8_P1,176
Escherichia_coli_35_CN-10_B29_M3_C8_P1,176
Escherichia_coli_35_CN-21_B29_M3_C8_P1,401
Escherichia_coli_35_CN-23_B29_M3_C8_P1,176
Escherichia_coli_36_CN-09_B29_M3_C8_P2,448
Escherichia_coli_36_CN-10_B29_M3_C8_P2,176
Escherichia_coli_36_CN-21_B29_M3_C8_P2,401
Escherichia_coli_36_CN-23_B29_M3_C8_P2,176
Escherichia_coli_36_CN_15_B29_M3_C8_P2,5378
Escherichia_coli_37_CN-12_B12_M1_C1_P1,297
Escherichia_coli_37_CN-17_B12_M1_C1_P1,101
Escherichia_coli_37_CN-19_B12_M1_C1_P1,2973
Escherichia_coli_37_CN-21_B12_M1_C1_P1,1079
Escherichia_coli_37_CN-22_B12_M1_C1_P1,23
Escherichia_coli_37_CN-24_B12_M1_C1_P1,93
Escherichia_coli_38-CN-24-B12-M1-C1-P2,3580
Escherichia_coli_38_CN-08_B12_M1_C1_P2,23
Escherichia_coli_38_CN-17_B12_M1_C1_P2,117
Escherichia_coli_38_CN-19_B12_M1_C1_P2,345
Escherichia_coli_38_CN-21_B12_M1_C1_P2,978
Escherichia_coli_38_CN-22_B12_M1_C1_P2,117
Escherichia_coli_39_CN-09_B6_M2_C6_P1,6070
Escherichia_coli_39_CN-10_B6_M2_C6_P1,1319
Escherichia_coli_39_CN-18_B6_M2_C6_P1,540
Escherichia_coli_39_CN-19_B6_M2_C6_P1,357
Escherichia_coli_39_CN-20_B6_M2_C6_P1,1122
Escherichia_coli_39_CN-22_B6_M2_C6_P1,1432
Escherichia_coli_39_CN-23_B6_M2_C6_P1,10
Escherichia_coli_39_CN-24_B6_M2_C6_P1,88
Escherichia_coli_39_CN_08_B6_M2_C6_P1_GCACTGTC_L003,117
Escherichia_coli_3_CN-10_B1_M1_C3_P1,155
Escherichia_coli_3_CN-11_B1_M1_C3_P1,140
Escherichia_coli_3_CN-16_B1_M1_C3_P1,355
Escherichia_coli_3_CN-17_B1_M1_C3_P1,57
Escherichia_coli_3_CN-18_B1_M1_C3_P1,409
Escherichia_coli_3_CN-22_B1_M1_C3_P1,117
Escherichia_coli_3_CN-24_B1_M1_C3_P1,399
Escherichia_coli_3_CN_15_B1_M1_C3_P1,93
Escherichia_coli_40_CN-09_B6_M2_C6_P2,919
Escherichia_coli_40_CN-13_B6_M2_C6_P2,1049
Escherichia_coli_40_CN-19_B6_M2_C6_P2,117
Escherichia_coli_40_CN-22_B6_M2_C6_P2,540
Escherichia_coli_40_CN-23_B6_M2_C6_P2,1582
Escherichia_coli_40_CN-24_B6_M2_C6_P2,117
Escherichia_coli_41_CN-10_B6_M2_C7_P1,88
Escherichia_coli_41_CN-13_B6_M2_C7_P1_TGCTGATA_L006,164
Escherichia_coli_41_CN-17_B6_M2_C7_P1,540
Escherichia_coli_41_CN-19_B6_M2_C7_P1,10
Escherichia_coli_41_CN-22_B6_M2_C7_P1,6074
Escherichia_coli_41_CN_08_B6_M2_C7_P1_GCTAACTC_L004,1946
Escherichia_coli_42_CN-10_B6_M2_C7_P2,192
Escherichia_coli_42_CN-13_B6_M2_C7_P2,223
Escherichia_coli_42_CN-17_B6_M2_C7_P2,366
Escherichia_coli_42_CN-19_B6_M2_C7_P2,1582
Escherichia_coli_42_CN-22_B6_M2_C7_P2,155
Escherichia_coli_42_CN-23_B6_M2_C7_P2,1618
Escherichia_coli_42_CN_08_B6_M2_C7_P2,6072
Escherichia_coli_43-CN-24-B6-M2-C4-P1,974
Escherichia_coli_43_CN-09_B6_M2_C4_P1,428
Escherichia_coli_43_CN-10_B6_M2_C4_P1,401
Escherichia_coli_43_CN-13_B6_M2_C4_P1,1122
Escherichia_coli_43_CN-16_B6_M2_C4_P1,2726
Escherichia_coli_43_CN-17_B6_M2_C4_P1,10
Escherichia_coli_43_CN-19_B6_M2_C4_P1,345
Escherichia_coli_43_CN-21_B6_M2_C4_P1,58
Escherichia_coli_43_CN-22_B6_M2_C4_P1,1304
Escherichia_coli_43_CN-23_B6_M2_C4_P1,58
Escherichia_coli_43_CN_08_B6_M2_C4_P1,3580
Escherichia_coli_43_CN_15_B6_M2_C4_P1,602
Escherichia_coli_44-CN-24-B6-M2-C4-P2,46
Escherichia_coli_44_CN-09_B6_M2_C4_P2,23
Escherichia_coli_44_CN-10_B6_M2_C4_P2,58
Escherichia_coli_44_CN-12_B6_M2_C4_P2,2079
Escherichia_coli_44_CN-13_B6_M2_C4_P2,1122
Escherichia_coli_44_CN-17_B6_M2_C4_P2,192
Escherichia_coli_44_CN-19_B6_M2_C4_P2,538
Escherichia_coli_44_CN-21_B6_M2_C4_P2,6076
Escherichia_coli_44_CN-22_B6_M2_C4_P2,420
Escherichia_coli_44_CN-23_B6_M2_C4_P2,540
Escherichia_coli_44_CN_08_B6_M2_C4_P2,3580
Escherichia_coli_44_CN_15_B6_M2_C4_P2,2079
Escherichia_coli_45_CN-08_B22_M1_C1_2_P1,23
Escherichia_coli_45_CN-09_B22_M1_C1_2_P1,38
Escherichia_coli_45_CN-10_B22_M1_C1_2_P1,355
Escherichia_coli_45_CN-12_B22_M1_C1_2_P1,3107
Escherichia_coli_45_CN-13_B22_M1_C1_2_P1,69
Escherichia_coli_45_CN-17_B22_M1_C1_2_P1,86
Escherichia_coli_45_CN-19_B22_M1_C1_2_P1,117
Escherichia_coli_45_CN-21_B22_M1_C1_2_P1,1972
Escherichia_coli_45_CN-22_B22_M1_C1_2_P1,1656
Escherichia_coli_45_CN_15_B22_M1_C1_2_P1,2223
Escherichia_coli_46-CN-24-B22-M1-C1_2-P2,117
Escherichia_coli_46_CN-09_B22_M1_C1_2_P2,117
Escherichia_coli_46_CN-10_B22_M1_C1_2_P2,23
Escherichia_coli_46_CN-13_B22_M1_C1_2_P2,23
Escherichia_coli_46_CN-17_B22_M1_C1_2_P2,6022
Escherichia_coli_46_CN-18_B22_M1_C1_2_P2,48
Escherichia_coli_46_CN-19_B22_M1_C1_2_P2,399
Escherichia_coli_46_CN-21_B22_M1_C1_2_P2,1252
Escherichia_coli_46_CN-22_B22_M1_C1_2_P2,101
Escherichia_coli_46_CN_15_B22_M1_C1_2_P2,38
Escherichia_coli_47_CN-10_B22_M3_C8_P1,2144
Escherichia_coli_47_CN-13_B22_M3_C8_P1,33
Escherichia_coli_47_CN-17_B22_M3_C8_P1,345
Escherichia_coli_47_CN-19_B22_M3_C8_P1,6071
Escherichia_coli_47_CN-21_B22_M3_C8_P1,101
Escherichia_coli_47_CN-23_B22_M3_C8_P1,10
Escherichia_coli_48_CN-08_B22_M3_C8_P2,101
Escherichia_coli_48_CN-09_B22_M3_C8_P2,1684
Escherichia_coli_48_CN-10_B22_M3_C8_P2,101
Escherichia_coli_48_CN-13_B22_M3_C8_P2_TACCACCA_L006,3168
Escherichia_coli_48_CN-17_B22_M3_C8_P2,101
Escherichia_coli_48_CN-18_B22_M3_C8_P2,93
Escherichia_coli_48_CN-21_B22_M3_C8_P2,641
Escherichia_coli_48_CN-23_B22_M3_C8_P2,10
Escherichia_coli_48_CN-24_B22_M3_C8_P2,6075
Escherichia_coli_49_CN-08_B22_M3_C9_P1,360
Escherichia_coli_4_CN-10_B1_M1_C3_P2,135
Escherichia_coli_4_CN-11_B1_M1_C3_P2,345
Escherichia_coli_4_CN-17_B1_M1_C3_P2,101
Escherichia_coli_4_CN-22_B1_M1_C3_P2,155
Escherichia_coli_4_CN-24_B1_M1_C3_P2,6023
Escherichia_coli_4_CN_03_B1_M1_C3_P2,2207
Escherichia_coli_4_CN_15_B1_M1_C3_P2,409
Escherichia_coli_51_CN-08_B10_M1_C2_P1,1434
Escherichia_coli_51_CN-09_B10_M1_C2_P1,12
Escherichia_coli_51_CN-10_B10_M1_C2_P1,5295
Escherichia_coli_51_CN-13_B10_M1_C3_P1,5940
Escherichia_coli_51_CN-21_B10_M1_C2_P1,101
Escherichia_coli_51_CN-23_B10_M1_C2_P1,1721
Escherichia_coli_51_CN-24_B10_M1_C2_P1,58
Escherichia_coli_51_CN_15_B10_M1_C2_P1,1721
Escherichia_coli_52_CN-09_B10_M1_C2_P2,23
Escherichia_coli_52_CN-10_B10_M1_C2_P2,5378
Escherichia_coli_52_CN-13_B10_M1_C3_P2,5940
Escherichia_coli_52_CN-16_B10_M1_C2_P2,351
Escherichia_coli_52_CN-17_B10_M1_C2_P2,399
Escherichia_coli_52_CN-21_B10_M1_C2_P2,457
Escherichia_coli_52_CN-23_B10_M1_C2_P2,5539
Escherichia_coli_52_CN-24_B10_M1_C2_P2,2248
Escherichia_coli_52_CN_15_B10_M1_C2_P2,1434
Escherichia_coli_53-CN-24-B10-M1-C3-P1,155
Escherichia_coli_53_CN-09_B10_M1_C3_P1,371
Escherichia_coli_53_CN-10_B10_M1_C3_P1,117
Escherichia_coli_53_CN-13_B10_M1_C3_P1,106
Escherichia_coli_53_CN-17_B10_M1_C3_P1,3778
Escherichia_coli_53_CN-21_B10_M1_C3_P1,38
Escherichia_coli_53_CN-23_B10_M1_C3_P1,155
Escherichia_coli_53_CN_15_B10_M1_C3_P1,1721
Escherichia_coli_54_CN-09_B10_M1_C3_P2,5281
Escherichia_coli_54_CN-10_B10_M1_C3_P2,101
Escherichia_coli_54_CN-13_B10_M1_C3_P2,1286
Escherichia_coli_54_CN-17_B10_M1_C3_P2,3778
Escherichia_coli_54_CN-21_B10_M1_C3_P2,1079
Escherichia_coli_54_CN-23_B10_M1_C3_P2,93
Escherichia_coli_54_CN-24_B10_M1_C3_P2,1304
Escherichia_coli_54_CN_15_B10_M1_C3_P2,295
Escherichia_coli_55_CN-09_B30_M1_C1_2_P1,399
Escherichia_coli_55_CN-10_B30_M1_C1_2_P1,6070
Escherichia_coli_55_CN-13_B30_M1_C1_2_P1,117
Escherichia_coli_55_CN-15_B30_M1_C1_2_P1,117
Escherichia_coli_55_CN-17_B30_M1_C1_2_P1,1286
Escherichia_coli_55_CN-21_B30_M1_C1_2_P1,6002
Escherichia_coli_55_CN-23_B30_M1_C1_2_P1,162
Escherichia_coli_55_CN-24_B30_M1_C1_2_P1,197
Escherichia_coli_56_CN-09_B30_M1_C1_2_P2,117
Escherichia_coli_56_CN-10_B30_M1_C1_2_P2,6070
Escherichia_coli_56_CN-13_B30_M1_C1_2_P2,117
Escherichia_coli_56_CN-15_B30_M1_C1_2_P2,3228
Escherichia_coli_56_CN-17_B30_M1_C1_2_P2,1316
Escherichia_coli_56_CN-19_B30_M1_C1_2_P2,4253
Escherichia_coli_56_CN-21_B30_M1_C1_2_P2,3202
Escherichia_coli_56_CN-23_B30_M1_C1_2_P2,2253
Escherichia_coli_56_CN-24_B30_M1_C1_2_P2,101
Escherichia_coli_57_CN-04_B30_M1_C3_P1,1161
Escherichia_coli_57_CN-08_B30_M1_C3_P1,117
Escherichia_coli_57_CN-10_B30_M1_C3_P1,429
Escherichia_coli_57_CN-13_B30_M1_C3_P1,57
Escherichia_coli_57_CN-17_B30_M1_C3_P1,117
Escherichia_coli_57_CN-21_B30_M1_C3_P1,362
Escherichia_coli_57_CN-23_B30_M1_C3_P1,6016
Escherichia_coli_58_CN-10_B30_M1_C3_P2,162
Escherichia_coli_58_CN-15_B30_M1_C3_P2,88
Escherichia_coli_58_CN-17_B30_M1_C3_P2,117
Escherichia_coli_58_CN-21_B30_M1_C3_P2,117
Escherichia_coli_58_CN-23_B30_M1_C3_P2,58
Escherichia_coli_59_CN-08_B11_M1_C1_P1,1914
Escherichia_coli_59_CN-10_B11_M1_C1_P1,162
Escherichia_coli_59_CN-13_B11_M1_C1_P1,442
Escherichia_coli_59_CN-21_B11_M1_C1_P1,117
Escherichia_coli_59_CN-24_B11_M1_C1_P1,2607
Escherichia_coli_5_CN-09_B18_M1_C1_2_P1,117
Escherichia_coli_5_CN-10_B18_M1_C1_2_P1,23
Escherichia_coli_5_CN-17_B18_M1_C1_2_P1,117
Escherichia_coli_5_CN-19_B18_M1_C1_2_P1,155
Escherichia_coli_5_CN-21_B18_M1_C1_2_P1,399
Escherichia_coli_5_CN-22_B18_M1_C1_2_P1,101
Escherichia_coli_5_CN-23_B18_M1_C1_2_P1,140
Escherichia_coli_5_CN-24_B18_M1_C1_2_P1,95
Escherichia_coli_5_CN_03_B18_M1_C1_2_P1,117
Escherichia_coli_5_CN_15_B18_M1_C1_2_P1,155
Escherichia_coli_60_CN-10_B11_M1_C1_P2,162
Escherichia_coli_60_CN-13_B11_M1_C1_P2,135
Escherichia_coli_60_CN-21_B11_M1_C1_P2,117
Escherichia_coli_60_CN-22_B11_M1_C1_P2,117
Escherichia_coli_60_CN-24_B11_M1_C1_P2,539
Escherichia_coli_61_CN-10_B17_M1_C4_P1,1386
Escherichia_coli_61_CN-11_B17_M1_C4_P1,1621
Escherichia_coli_62_CN-04_B17_M1_C4_P2,355
Escherichia_coli_62_CN-10_B17_M1_C4_P2,38
Escherichia_coli_62_CN-11_B17_M1_C4_P2,973
Escherichia_coli_63-CN-24-B31-M3-C8-P1,399
Escherichia_coli_63_CN-08_B31_M3_C8_P1,5378
Escherichia_coli_63_CN-11_B31_M3_C8_P1,5378
Escherichia_coli_63_CN-15_B31_M3_C8_P1,399
Escherichia_coli_64-CN-24-B31-M3-C8-P2,399
Escherichia_coli_64_CN-10_B31_M3_C8_P2,5378
Escherichia_coli_64_CN-11_B31_M3_C8_P2,399
Escherichia_coli_64_CN-19_B31_M3_C8_P2,399
Escherichia_coli_65_CN-08_B7_M1_C1_2_P1,117
Escherichia_coli_65_CN-09_B7_M1_C1_2_P1,101
Escherichia_coli_65_CN-10_B7_M1_C1_2_P1,155
Escherichia_coli_65_CN-11_B7_M1_C1_2_P1,117
Escherichia_coli_65_CN-15_B7_M1_C1_2_P1,88
Escherichia_coli_65_CN-19_B7_M1_C1_2_P1,3232
Escherichia_coli_65_CN-22_B7_M1_C1_2_P1,117
Escherichia_coli_65_CN-24_B7_M1_C1_2_P1,429
Escherichia_coli_66_CN-08_B7_M1_C1_2_P2,101
Escherichia_coli_66_CN-09_B7_M1_C1_2_P2,155
Escherichia_coli_66_CN-10_B7_M1_C1_2_P2,155
Escherichia_coli_66_CN-11_B7_M1_C1_2_P2,117
Escherichia_coli_66_CN-18_B7_M1_C1_2_P2,5539
Escherichia_coli_66_CN-19_B7_M1_C1_2_P2,101
Escherichia_coli_66_CN-21_B7_M1_C1_2_P2,117
Escherichia_coli_66_CN-22_B7_M1_C1_2_P2,212
Escherichia_coli_66_CN-24_B7_M1_C1_2_P2,906
Escherichia_coli_67_CN-08_B7_M1_C4_P1,135
Escherichia_coli_67_CN-10_B7_M1_C4_P1,117
Escherichia_coli_67_CN-11_B7_M1_C4_P1,134
Escherichia_coli_67_CN-22_B7_M1_C4_P1,192
Escherichia_coli_67_CN-24_B7_M1_C4_P1,135
Escherichia_coli_68_CN-08_B7_M1_C4_P2,134
Escherichia_coli_68_CN-10_B7_M1_C4_P2,117
Escherichia_coli_68_CN-11_B7_M1_C4_P2,117
Escherichia_coli_68_CN-16_B7_M1_C4_P2,101
Escherichia_coli_68_CN-17_B7_M1_C4_P2,429
Escherichia_coli_69_CN-10_B8_M1_C1_2_P1,101
Escherichia_coli_69_CN-13_B8_M1_C1_2_P1,131
Escherichia_coli_69_CN-17_B8_M1_C1_2_P1,134
Escherichia_coli_69_CN-19_B8_M1_C1_2_P1,101
Escherichia_coli_69_CN-21_B8_M1_C1_2_P1,117
Escherichia_coli_69_CN-24_B8_M1_C1_2_P1,6021
Escherichia_coli_6_CN-08_B18_M1_C1_2_P2,140
Escherichia_coli_6_CN-09_B18_M1_C1_2_P2,1434
Escherichia_coli_6_CN-10_B18_M1_C1_2_P2,409
Escherichia_coli_6_CN-17_B18_M1_C1_2_P2,140
Escherichia_coli_6_CN-19_B18_M1_C1_2_P2,141
Escherichia_coli_6_CN-21_B18_M1_C1_2_P2,399
Escherichia_coli_6_CN-22_B18_M1_C1_2_P2,2485
Escherichia_coli_6_CN-23_B18_M1_C1_2_P2,156
Escherichia_coli_6_CN-24_B18_M1_C1_2_P2,23
Escherichia_coli_6_CN_03_B18_M1_C1_2_P2,371
Escherichia_coli_6_CN_15_B18_M1_C1_2_P2,117
Escherichia_coli_7-CN-03-B18-M1-C3-P1,538
Escherichia_coli_7-CN-08-B18-M1-C3-P1,117
Escherichia_coli_70_CN-08_B8_M1_C1_2_P2,117
Escherichia_coli_70_CN-10_B8_M1_C1_2_P2,101
Escherichia_coli_70_CN-15_B8_M1_C1_2_P2,134
Escherichia_coli_70_CN-19_B8_M1_C1_2_P2,117
Escherichia_coli_70_CN-24_B8_M1_C1_2_P2,131
Escherichia_coli_70_CN_21_B8_M1_C1_2_P2_TAGTGACT_L004,117
Escherichia_coli_71_CN-08_B38_M2_C5_P1,101
Escherichia_coli_71_CN-09_B23_M2_C5_P1,101
Escherichia_coli_71_CN-10_B23_M2_C5_P1,10
Escherichia_coli_71_CN-13_B23_M2_C5_P1,4358
Escherichia_coli_71_CN-15_B23_M2_C5_P1,2041
Escherichia_coli_71_CN-17_B23_M2_C5_P1,978
Escherichia_coli_71_CN-22_B23_M2_C5_P1,695
Escherichia_coli_71_CN-23_B23_M2_C5_P1,3580
Escherichia_coli_71_CN-24_B23_M2_C5_P1,939
Escherichia_coli_72-CN-13-B23-M2-C5-P2,10
Escherichia_coli_72_CN-08_B38_M2_C5_P2,155
Escherichia_coli_72_CN-09_B23_M2_C5_P2,101
Escherichia_coli_72_CN-10_B23_M2_C5_P2,6078
Escherichia_coli_72_CN-17_B23_M2_C5_P2,3580
Escherichia_coli_72_CN-22_B23_M2_C5_P2,429
Escherichia_coli_72_CN-23_B23_M2_C5_P2,101
Escherichia_coli_72_CN-24_B23_M2_C5_P2,58
Escherichia_coli_73_CN-08_B23_M2_C4_P1,155
Escherichia_coli_73_CN-10_B23_M2_C4_P1,46
Escherichia_coli_73_CN-13_B23_M2_C4_P1,38
Escherichia_coli_73_CN-15_B23_M2_C4_P1,443
Escherichia_coli_73_CN-17_B23_M2_C4_P1,973
Escherichia_coli_73_CN-19_B23_M2_C4_P1,1718
Escherichia_coli_73_CN-22_B23_M2_C4_P1,101
Escherichia_coli_73_CN-23_B23_M2_C4_P1,10
Escherichia_coli_73_CN-24_B23_M2_C4_P1,88
Escherichia_coli_73_CN_21_B23_M2_C4_P1_TAGTGACT_L001,355
Escherichia_coli_74_CN-08_B23_M2_C4_P2,88
Escherichia_coli_74_CN-12_B23_M2_C4_P2,43
Escherichia_coli_74_CN-13_B23_M2_C4_P2,10
Escherichia_coli_74_CN-15_B23_M2_C4_P2,3580
Escherichia_coli_74_CN-17_B23_M2_C4_P2,88
Escherichia_coli_74_CN-18_B23_M2_C4_P2,906
Escherichia_coli_74_CN-19_B23_M2_C4_P2,1844
Escherichia_coli_74_CN-21_B23_M2_C4_P2,1727
Escherichia_coli_74_CN-22_B23_M2_C4_P2,101
Escherichia_coli_74_CN-23_B23_M2_C4_P2,58
Escherichia_coli_74_CN-24_B23_M2_C4_P2,1720
Escherichia_coli_75_CN-08_B24_M2_C4_P1,1385
Escherichia_coli_75_CN-09_B24_M2_C4_P1,106
Escherichia_coli_75_CN-10_B24_M2_C4_P1,69
Escherichia_coli_75_CN-13_B24_M2_C4_P1,106
Escherichia_coli_75_CN-15_B24_M2_C4_P1,746
Escherichia_coli_75_CN-17_B24_M2_C4_P1,5996
Escherichia_coli_75_CN-19_B24_M2_C4_P1,117
Escherichia_coli_75_CN-21_B24_M2_C4_P1,5996
Escherichia_coli_75_CN-22_B24_M2_C4_P1,86
Escherichia_coli_75_CN-23_B24_M2_C4_P1,6007
Escherichia_coli_76_CN-08_B24_M2_C4_P2,1844
Escherichia_coli_76_CN-09_B24_M2_C4_P2,1079
Escherichia_coli_76_CN-13_B24_M2_C4_P2,349
Escherichia_coli_76_CN-17_B24_M2_C4_P2,5996
Escherichia_coli_76_CN-19_B24_M2_C4_P2,117
Escherichia_coli_76_CN-21_B24_M2_C4_P2,540
Escherichia_coli_76_CN-23_B24_M2_C4_P2,5996
Escherichia_coli_76_CN-24_B24_M2_C4_P2,6007
Escherichia_coli_77_CN-09_B39_M3_C8_P1,101
Escherichia_coli_77_CN-13_B39_M3_C8_P1,12
Escherichia_coli_77_CN-19_B39_M3_C8_P1,1147
Escherichia_coli_77_CN-21_B39_M3_C8_P1,20
Escherichia_coli_77_CN-24_B39_M3_C8_P1,399
Escherichia_coli_78_CN-10_B39_M3_C8_P2,117
Escherichia_coli_78_CN-13_B39_M3_C8_P2,12
Escherichia_coli_78_CN-21_B39_M3_C8_P2,1147
Escherichia_coli_78_CN-22_B39_M3_C8_P2,906
Escherichia_coli_78_CN-23_B39_M3_C8_P2,401
Escherichia_coli_78_CN-24_B39_M3_C8_P2,399
Escherichia_coli_79_CN-08_B32_M3_C9_P1,101
Escherichia_coli_79_CN-17_B32_M3_C9_P1,12
Escherichia_coli_79_CN-21_B32_M3_C9_P1,101
Escherichia_coli_79_CN-22_B32_M3_C9_P1,428
Escherichia_coli_79_CN-24_B32_M3_C9_P1,101
Escherichia_coli_79_CN_16_B32_M3_C9_P1,58
Escherichia_coli_7_CN-09_B18_M1_C3_P1,117
Escherichia_coli_7_CN-11_B18_M1_C3_P1,399
Escherichia_coli_7_CN-17_B18_M1_C3_P1,117
Escherichia_coli_7_CN-19_B18_M1_C3_P1,155
Escherichia_coli_7_CN-21_B18_M1_C3_P1,140
Escherichia_coli_7_CN-22_B18_M1_C3_P1,155
Escherichia_coli_7_CN-23_B18_M1_C3_P1,117
Escherichia_coli_7_CN-24_B18_M1_C3_P1,117
Escherichia_coli_7_CN_13_B18_M1_C3_P1,401
Escherichia_coli_7_CN_15_B18_M1_C3_P1,131
Escherichia_coli_80_CN-08_B32_M3_C9_P2,1434
Escherichia_coli_80_CN-17_B32_M3_C9_P2,12
Escherichia_coli_80_CN-21_B32_M3_C9_P2,101
Escherichia_coli_80_CN-22_B32_M3_C9_P2,117
Escherichia_coli_80_CN-24_B32_M3_C9_P2,58
Escherichia_coli_80_CN_16_B32_M3_C9_P2,12
Escherichia_coli_81_CN-09_B19_M1_C1_2_P1,101
Escherichia_coli_81_CN-13_B19_M1_C1_2_P1,23
Escherichia_coli_81_CN-17_B19_M1_C1_2_P1,10
Escherichia_coli_81_CN-19_B19_M1_C1_2_P1,602
Escherichia_coli_81_CN-21_B19_M1_C1_2_P1,117
Escherichia_coli_81_CN-22_B19_M1_C1_2_P1,117
Escherichia_coli_81_CN-23_B19_M1_C1_2_P1,2223
Escherichia_coli_81_CN-24_B19_M1_C1_2_P1,297
Escherichia_coli_81_CN_16_B19_M1_C1_2_P1,641
Escherichia_coli_82_CN-08_B19_M1_C1_2_P2,101
Escherichia_coli_82_CN-09_B19_M1_C1_2_P2,6080
Escherichia_coli_82_CN-10_B19_M1_C1_2_P2,355
Escherichia_coli_82_CN-13_B19_M1_C1_2_P2,371
Escherichia_coli_82_CN-17_B19_M1_C1_2_P2,117
Escherichia_coli_82_CN-19_B19_M1_C1_2_P2,117
Escherichia_coli_82_CN-21_B19_M1_C1_2_P2,117
Escherichia_coli_82_CN-22_B19_M1_C1_2_P2,117
Escherichia_coli_82_CN-23_B19_M1_C1_2_P2,135
Escherichia_coli_82_CN-24_B19_M1_C1_2_P2,297
Escherichia_coli_82_CN_16_B19_M1_C1_2_P2,641
Escherichia_coli_83_CN-08_B19_M1_C3_P1,399
Escherichia_coli_83_CN-13_B19_M1_C3_P1,1079
Escherichia_coli_83_CN-15_B19_M1_C3_P1,399
Escherichia_coli_83_CN-17_B19_M1_C3_P1,117
Escherichia_coli_83_CN-19_B19_M1_C3_P1,399
Escherichia_coli_83_CN-21_B19_M1_C3_P1,10
Escherichia_coli_83_CN-22_B19_M1_C3_P1,117
Escherichia_coli_83_CN-23_B19_M1_C3_P1,162
Escherichia_coli_83_CN-24_B19_M1_C3_P1,420
Escherichia_coli_83_CN_16_B19_M1_C3_P1,399
Escherichia_coli_84_CN-08_B19_M1_C3_P2,140
Escherichia_coli_84_CN-13_B19_M1_C3_P2,69
Escherichia_coli_84_CN-17_B19_M1_C3_P2,399
Escherichia_coli_84_CN-19_B19_M1_C3_P2,1286
Escherichia_coli_84_CN-21_B19_M1_C3_P2,155
Escherichia_coli_84_CN-22_B19_M1_C3_P2,69
Escherichia_coli_84_CN-23_B19_M1_C3_P2,117
Escherichia_coli_84_CN-24_B19_M1_C3_P2,135
Escherichia_coli_84_CN_16_B19_M1_C3_P2,355
Escherichia_coli_89_CN-08_B15_M1_C1_2_P1,635
Escherichia_coli_89_CN-09_B15_M1_C1_2_P1,1434
Escherichia_coli_89_CN-22_B15_M1_C1_2_P1,117
Escherichia_coli_89_CN-24_B15_M1_C1_2_P1,297
Escherichia_coli_8_CN-08_B18_M1_C3_P2,140
Escherichia_coli_8_CN-09_B18_M1_C3_P2,117
Escherichia_coli_8_CN-11_B18_M1_C3_P2,117
Escherichia_coli_8_CN-17_B18_M1_C3_P2,117
Escherichia_coli_8_CN-19_B18_M1_C3_P2,399
Escherichia_coli_8_CN-21_B18_M1_C3_P2,140
Escherichia_coli_8_CN-22_B18_M1_C3_P2,155
Escherichia_coli_8_CN-23_B18_M1_C3_P2,345
Escherichia_coli_8_CN-24_B18_M1_C3_P2,1161
Escherichia_coli_8_CN_03_B18_M1_C3_P2,117
Escherichia_coli_8_CN_13_B18_M1_C3_P2,117
Escherichia_coli_8_CN_15_B18_M1_C3_P2,93
Escherichia_coli_8_CN_16_B18_M1_C3_P2,117
Escherichia_coli_90_CN-09_B15_M1_C1_2_P2,23
Escherichia_coli_90_CN-22_B15_M1_C1_2_P2,23
Escherichia_coli_90_CN-24_B15_M1_C1_2_P2,101
Escherichia_coli_91_CN-09_B16_M1_C1_2_P1,6023
Escherichia_coli_91_CN-15_B16_M1_C1_2_P1,3998
Escherichia_coli_91_CN-19_B16_M1_C1_2_P1,3202
Escherichia_coli_91_CN-21_B16_M1_C1_2_P1,602
Escherichia_coli_91_CN-22_B16_M1_C1_2_P1,6014
Escherichia_coli_91_CN-23_B16_M1_C1_2_P1,1316
Escherichia_coli_91_CN-24_B16_M1_C1_2_P1,1721
Escherichia_coli_91_CN_16_B16_M1_C1_2_P1,3202
Escherichia_coli_92_CN-09_B16_M1_C1_2_P2,1163
Escherichia_coli_92_CN-13_B16_M1_C1_2_P2,23
Escherichia_coli_92_CN-19_B16_M1_C1_2_P2,3202
Escherichia_coli_92_CN-21_B16_M1_C1_2_P2,491
Escherichia_coli_92_CN-23_B16_M1_C1_2_P2,399
Escherichia_coli_92_CN-24_B16_M1_C1_2_P2,1721
Escherichia_coli_92_CN_16_B16_M1_C1_2_P2,1720
Escherichia_coli_93_CN-08_B16_M1_C3_P1,135
Escherichia_coli_93_CN-09_B16_M1_C3_P1,88
Escherichia_coli_93_CN-13_B16_M1_C3_P1,38
Escherichia_coli_93_CN-17_B16_M1_C3_P1,117
Escherichia_coli_93_CN-21_B16_M1_C3_P1,541
Escherichia_coli_93_CN-23_B16_M1_C3_P1,10
Escherichia_coli_93_CN-24_B16_M1_C3_P1,401
Escherichia_coli_93_CN_16_B16_M1_C3_P1,399
Escherichia_coli_94_CN-08_B16_M1_C3_P2,399
Escherichia_coli_94_CN-13_B16_M1_C3_P2,6079
Escherichia_coli_94_CN-17_B16_M1_C3_P2,117
Escherichia_coli_94_CN-19_B16_M1_C3_P2,23
Escherichia_coli_94_CN-21_B16_M1_C3_P2,541
Escherichia_coli_94_CN-23_B16_M1_C3_P2,1316
Escherichia_coli_94_CN-24_B16_M1_C3_P2,401
Escherichia_coli_94_CN_16_B16_M1_C3_P2,6085
Escherichia_coli_95-CN-07-B21-M1-C3-P1,6020
Escherichia_coli_95_CN-13_B21_M1_C3_P1,88
Escherichia_coli_95_CN-17_B21_M1_C3_P1,88
Escherichia_coli_95_CN-19_B21_M1_C3_P1,351
Escherichia_coli_95_CN-23_B21_M1_C3_P1,1079
Escherichia_coli_95_CN-24_B21_M1_C3_P1,491
Escherichia_coli_96_CN-08_B21_M1_C3_P2,501
Escherichia_coli_96_CN-13_B21_M1_C3_P2,38
Escherichia_coli_96_CN-17_B21_M1_C3_P2,847
Escherichia_coli_96_CN-19_B21_M1_C3_P2,3202
Escherichia_coli_96_CN-23_B21_M1_C3_P2,141
Escherichia_coli_96_CN-24_B21_M1_C3_P2,117
Escherichia_coli_97_CN-09_B6_M2_C5_P1,58
Escherichia_coli_97_CN-10_B6_M2_C5_P1,167
Escherichia_coli_97_CN-17_B6_M2_C5_P1,69
Escherichia_coli_97_CN-19_B6_M2_C5_P1,88
Escherichia_coli_97_CN-21_B6_M2_C5_P1,351
Escherichia_coli_97_CN-22_B6_M2_C5_P1,2079
Escherichia_coli_97_CN-23_B6_M2_C5_P1,1141
Escherichia_coli_97_CN_16_B6_M2_C5_P1,350
Escherichia_coli_98_CN-10_B6_M2_C5_P2,58
Escherichia_coli_98_CN-17_B6_M2_C5_P2,362
Escherichia_coli_98_CN-19_B6_M2_C5_P2,349
Escherichia_coli_98_CN-21_B6_M2_C5_P2,3580
Escherichia_coli_98_CN-22_B6_M2_C5_P2,533
Escherichia_coli_98_CN-23_B6_M2_C5_P2,1319
Escherichia_coli_98_CN_16_B6_M2_C5_P2,355
Escherichia_coli_99_CN-10_B6_M2_C4_P1,5378
Escherichia_coli_99_CN-17_B6_M2_C4_P1,23
Escherichia_coli_99_CN-19_B6_M2_C4_P1,117
Escherichia_coli_99_CN-21_B6_M2_C4_P1,88
Escherichia_coli_99_CN-22_B6_M2_C4_P1,192
Escherichia_coli_99_CN-24_B6_M2_C4_P1,88
Escherichia_coli_99_CN_16_B6_M2_C4_P1,355
Escherichia_coli_9_CN-08_B2_M1_C2_P1,135
Escherichia_coli_9_CN-09_B2_M1_C2_P1,38
Escherichia_coli_9_CN-10_B2_M1_C2_P1,3107
Escherichia_coli_9_CN-11_B2_M1_C2_P1,607
Escherichia_coli_9_CN-14_B2_M1_C2_P1,88
Escherichia_coli_9_CN-17_B2_M1_C2_P1,350
Escherichia_coli_9_CN-19_B2_M1_C2_P1,93
Escherichia_coli_9_CN-21_B2_M1_C2_P1,212
Escherichia_coli_9_CN-22_B2_M1_C2_P1,4980
Escherichia_coli_9_CN-23_B2_M1_C2_P1,3090
Escherichia_coli_9_CN-24_B2_M1_C2_P1,602
Escherichia_coli_9_CN_03_B2_M1_C2_P1,215
Escherichia_coli_9_CN_15_B2_M1_C2_P1,101
Escherichia_coli_FMC-UTI-01544,73
Escherichia_coli_FMC-UTI-02077,80
Escherichia_coli_FMC-UTI-02080,73
Escherichia_coli_FMC-UTI-02186,12
Escherichia_coli_FMC-UTI-02200,95
Escherichia_coli_FMC-UTI-02633,95
Escherichia_coli_FMC_UTI_01553,73
Escherichia_coli_FMC_UTI_02075,961
Escherichia_coli_FMC_UTI_02083,73
Escherichia_coli_FMC_UTI_02086,131
Escherichia_coli_FMC_UTI_02087,10
Escherichia_coli_FMC_UTI_02089,73
Escherichia_coli_FMC_UTI_02090,1236
Escherichia_coli_FMC_UTI_02092,95
Escherichia_coli_FMC_UTI_02094,131
Escherichia_coli_FMC_UTI_02096,144
Escherichia_coli_FMC_UTI_02097,12
Escherichia_coli_FMC_UTI_02100,73
Escherichia_coli_FMC_UTI_02104,12
Escherichia_coli_FMC_UTI_02105,69
Escherichia_coli_FMC_UTI_02107,1652
Escherichia_coli_FMC_UTI_02108,95
Escherichia_coli_FMC_UTI_02109,131
Escherichia_coli_FMC_UTI_02110,131
Escherichia_coli_FMC_UTI_02111,372
Escherichia_coli_FMC_UTI_02113,12
Escherichia_coli_FMC_UTI_02114,405
Escherichia_coli_FMC_UTI_02117,404
Escherichia_coli_FMC_UTI_02118,69
Escherichia_coli_FMC_UTI_02119,73
Escherichia_coli_FMC_UTI_02120,95
Escherichia_coli_FMC_UTI_02121,393
Escherichia_coli_FMC_UTI_02122,73
Escherichia_coli_FMC_UTI_02124,450
Escherichia_coli_FMC_UTI_02125,73
Escherichia_coli_FMC_UTI_02126,73
Escherichia_coli_FMC_UTI_02128,131
Escherichia_coli_FMC_UTI_02129,95
Escherichia_coli_FMC_UTI_02130,131
Escherichia_coli_FMC_UTI_02132,636
Escherichia_coli_FMC_UTI_02133,127
Escherichia_coli_FMC_UTI_02135,69
Escherichia_coli_FMC_UTI_02136,393
Escherichia_coli_FMC_UTI_02139,73
Escherichia_coli_FMC_UTI_02140,6082
Escherichia_coli_FMC_UTI_02141,73
Escherichia_coli_FMC_UTI_02146,131
Escherichia_coli_FMC_UTI_02149,12
Escherichia_coli_FMC_UTI_02150,38
Escherichia_coli_FMC_UTI_02158,12
Escherichia_coli_FMC_UTI_02159,12
Escherichia_coli_FMC_UTI_02165,95
Escherichia_coli_FMC_UTI_02167,95
Escherichia_coli_FMC_UTI_02168,131
Escherichia_coli_FMC_UTI_02170,372
Escherichia_coli_FMC_UTI_02171,12
Escherichia_coli_FMC_UTI_02172,1262
Escherichia_coli_FMC_UTI_02173,95
Escherichia_coli_FMC_UTI_02174,393
Escherichia_coli_FMC_UTI_02178,38
Escherichia_coli_FMC_UTI_02180,95
Escherichia_coli_FMC_UTI_02181,706
Escherichia_coli_FMC_UTI_02182,73
Escherichia_coli_FMC_UTI_02183,73
Escherichia_coli_FMC_UTI_02187,95
Escherichia_coli_FMC_UTI_02189,73
Escherichia_coli_FMC_UTI_02190,69
Escherichia_coli_FMC_UTI_02192,372
Escherichia_coli_FMC_UTI_02193,127
Escherichia_coli_FMC_UTI_02194,69
Escherichia_coli_FMC_UTI_02196,6082
Escherichia_coli_FMC_UTI_02197,69
Escherichia_coli_FMC_UTI_02198,538
Escherichia_coli_FMC_UTI_02201,95
Escherichia_coli_FMC_UTI_02202,58
Escherichia_coli_FMC_UTI_02203,95
Escherichia_coli_FMC_UTI_02204,73
Escherichia_coli_FMC_UTI_02205,10
Escherichia_coli_FMC_UTI_02206,12
Escherichia_coli_FMC_UTI_02207,6086
Escherichia_coli_FMC_UTI_02209,73
Escherichia_coli_FMC_UTI_02327,69
Escherichia_coli_FMC_UTI_02568,357
Escherichia_coli_FMC_UTI_02570,706
Escherichia_coli_FMC_UTI_02572,95
Escherichia_coli_FMC_UTI_02574,127
Escherichia_coli_FMC_UTI_02575,12
Escherichia_coli_FMC_UTI_02578,550
Escherichia_coli_FMC_UTI_02579,372
Escherichia_coli_FMC_UTI_02581,127
Escherichia_coli_FMC_UTI_02583,420
Escherichia_coli_FMC_UTI_02584,127
Escherichia_coli_FMC_UTI_02585,491
Escherichia_coli_FMC_UTI_02586,73
Escherichia_coli_FMC_UTI_02587,69
Escherichia_coli_FMC_UTI_02588,6081
Escherichia_coli_FMC_UTI_02590,550
Escherichia_coli_FMC_UTI_02591,1278
Escherichia_coli_FMC_UTI_02592,95
Escherichia_coli_FMC_UTI_02593,95
Escherichia_coli_FMC_UTI_02594,48
Escherichia_coli_FMC_UTI_02595,6097
Escherichia_coli_FMC_UTI_02596,372
Escherichia_coli_FMC_UTI_02597,73
Escherichia_coli_FMC_UTI_02601,961
Escherichia_coli_FMC_UTI_02602,69
Escherichia_coli_FMC_UTI_02603,961
Escherichia_coli_FMC_UTI_02605,1170
Escherichia_coli_FMC_UTI_02606,73
Escherichia_coli_FMC_UTI_02608,73
Escherichia_coli_FMC_UTI_02610,95
Escherichia_coli_FMC_UTI_02612,1262
Escherichia_coli_FMC_UTI_02613,404
Escherichia_coli_FMC_UTI_02615,2626
Escherichia_coli_FMC_UTI_02620,73
Escherichia_coli_FMC_UTI_02623,73
Escherichia_coli_FMC_UTI_02624,95
Escherichia_coli_FMC_UTI_02626,69
Escherichia_coli_FMC_UTI_02627,31
Escherichia_coli_FMC_UTI_02628,2536
Escherichia_coli_FMC_UTI_02629,372
Escherichia_coli_FMC_UTI_02630,405
Escherichia_coli_FMC_UTI_02631,405
Escherichia_coli_FMC_UTI_02632,131
Escherichia_coli_FMC_UTI_02634,372
Escherichia_coli_FMC_UTI_02635,131
Escherichia_coli_FMC_UTI_02638,6089
Escherichia_coli_FMC_UTI_02639,399
Escherichia_coli_FMC_UTI_02644,95
Escherichia_coli_FMC_UTI_02645,127
Escherichia_coli_FMC_UTI_02646,95
Escherichia_coli_FMC_UTI_02647,2622
Escherichia_coli_FMC_UTI_02648,1193
Escherichia_coli_FMC_UTI_02650,6084
Escherichia_coli_FMC_UTI_02654,1148
Escherichia_coli_FMC_UTI_02768,404
Escherichia_coli_FMC_UTI_02860,1317
Escherichia_coli_FMC_UTI_02864,73
Escherichia_coli_FMC_UTI_02894,131
Escherichia_coli_FMC_UTI_03089,93
FMC_UTI_01367,73
FMC_UTI_01369,70
FMC_UTI_01370,12
FMC_UTI_01371,6092
FMC_UTI_01373,404
FMC_UTI_01375,95
FMC_UTI_01377,550
FMC_UTI_01378,131
FMC_UTI_01379,706
FMC_UTI_01381,404
FMC_UTI_01382,73
FMC_UTI_01383,59
FMC_UTI_01384,1231
FMC_UTI_01385,131
FMC_UTI_01386,555
FMC_UTI_01389,131
FMC_UTI_01390,405
FMC_UTI_01391,131
FMC_UTI_01392,127
FMC_UTI_01394,83
FMC_UTI_01396,421
FMC_UTI_01397,95
FMC_UTI_01398,88
FMC_UTI_01401,12
FMC_UTI_01403,131
FMC_UTI_01405,405
FMC_UTI_01406,127
FMC_UTI_01408,62
FMC_UTI_01411,69
FMC_UTI_01413,95
FMC_UTI_01415,95
FMC_UTI_01417,428
FMC_UTI_01419,73
FMC_UTI_01420,998
FMC_UTI_01421,127
FMC_UTI_01423,6087
FMC_UTI_01429,73
FMC_UTI_01434,127
FMC_UTI_01435,420
FMC_UTI_01436,131
FMC_UTI_01437,131
FMC_UTI_01438,73
FMC_UTI_01439,73
FMC_UTI_01440,131
FMC_UTI_01441,6091
FMC_UTI_01442,2626
FMC_UTI_01447,404
FMC_UTI_01449,1317
FMC_UTI_01450,963
FMC_UTI_01452,73
FMC_UTI_01453,127
FMC_UTI_01454,12
FMC_UTI_01455,706
FMC_UTI_01457,141
FMC_UTI_01458,321
FMC_UTI_01461,544
FMC_UTI_01464,648
FMC_UTI_01470,73
FMC_UTI_01471,131
FMC_UTI_01472,59
FMC_UTI_01473,744
FMC_UTI_01474,131
FMC_UTI_01475,5824
FMC_UTI_01476,6090
FMC_UTI_01478,69
FMC_UTI_01479,131
FMC_UTI_01480,131
FMC_UTI_01482,73
FMC_UTI_01483,131
FMC_UTI_01484,127
FMC_UTI_01486,10
FMC_UTI_01489,69
FMC_UTI_01490,73
FMC_UTI_01491,127
FMC_UTI_01492,73
FMC_UTI_01497,404
FMC_UTI_01498,127
FMC_UTI_01500,73
FMC_UTI_01502,62
FMC_UTI_01504,69
FMC_UTI_01505,372
FMC_UTI_01506,144
FMC_UTI_01509,131
FMC_UTI_01510,420
FMC_UTI_01511,95
FMC_UTI_01512,73
FMC_UTI_01513,144
FMC_UTI_01514,38
FMC_UTI_01516,405
FMC_UTI_01521,95
FMC_UTI_01522,405
FMC_UTI_01524,69
FMC_UTI_01525,69
FMC_UTI_01527,95
FMC_UTI_01528,405
FMC_UTI_01529,73
FMC_UTI_01530,95
FMC_UTI_01531,73
FMC_UTI_01532,95
FMC_UTI_01533,73
FMC_UTI_01534,778
FMC_UTI_01535,131
FMC_UTI_01536,131
FMC_UTI_01539,405
FMC_UTI_01540,544
FMC_UTI_01542,744
FMC_UTI_01546,73
FMC_UTI_01547,73
FMC_UTI_01549,69
FMC_UTI_01550,501
FMC_UTI_01551,998
FMC_UTI_01554,2618
FMC_UTI_01555,10
FMC_UTI_01556,131
FMC_UTI_01558,12
FMC_UTI_01560,538
FMC_UTI_01561,131
FMC_UTI_01563,131
FMC_UTI_01565,404
FMC_UTI_01570,978
FMC_UTI_01572,131
FMC_UTI_01573,95
FMC_UTI_01574,69
FMC_UTI_01576,12
FMC_UTI_01577,1380
FMC_UTI_01580,372
FMC_UTI_01583,131
FMC_UTI_01584,393
FMC_UTI_01585,420
FMC_UTI_01586,131
FMC_UTI_01587,69
FMC_UTI_01588,73
FMC_UTI_01590,95
FMC_UTI_01591,6092
FMC_UTI_01593,405
FMC_UTI_01594,12
FMC_UTI_01596,420
FMC_UTI_01598,95
FMC_UTI_01599,372
FMC_UTI_01601,131
FMC_UTI_01602,104
FMC_UTI_01604,550
FMC_UTI_01605,6082
FMC_UTI_01607,405
FMC_UTI_01608,357
FMC_UTI_01610,38
FMC_UTI_01614,6088
FMC_UTI_01615,131
FMC_UTI_01618,95
FMC_UTI_01619,95
FMC_UTI_01620,73
FMC_UTI_01623,12
FMC_UTI_01624,12
FMC_UTI_01625,62
FMC_UTI_01629,69
FMC_UTI_01631,404
FMC_UTI_01633,69
FMC_UTI_01634,69
FMC_UTI_01635,69
FMC_UTI_01637,12
FMC_UTI_01638,38
FMC_UTI_01639,135
FMC_UTI_01641,131
FMC_UTI_01642,10
FMC_UTI_01643,127
FMC_UTI_01644,80
FMC_UTI_01649,73
FMC_UTI_01650,95
FMC_UTI_01651,127
FMC_UTI_01653,73
FMC_UTI_01655,131
FMC_UTI_01656,69
FMC_UTI_01657,4038
FMC_UTI_01659,95
FMC_UTI_01660,1326
FMC_UTI_01663,12
FMC_UTI_01667,2626
FMC_UTI_01669,642
FMC_UTI_01670,10
FMC_UTI_01671,12
FMC_UTI_01672,4260
FMC_UTI_01674,95
FMC_UTI_01676,1652
FMC_UTI_01679,95
FMC_UTI_01680,131
FMC_UTI_01681,73
FMC_UTI_01682,131
FMC_UTI_01686,73
FMC_UTI_01689,127
FMC_UTI_01691,404
FMC_UTI_01693,6100
FMC_UTI_01695,69
FMC_UTI_01696,404
FMC_UTI_01705,538
FMC_UTI_01706,131
FMC_UTI_01710,404
FMC_UTI_01711,1316
FMC_UTI_01713,12
FMC_UTI_01716,131
FMC_UTI_01717,95
FMC_UTI_01718,95
FMC_UTI_01719,58
FMC_UTI_01723,131
FMC_UTI_01724,95
FMC_UTI_01725,131
FMC_UTI_01726,73
FMC_UTI_01729,95
FMC_UTI_01733,73
FMC_UTI_01734,420
FMC_UTI_01736,69
FMC_UTI_01737,95
FMC_UTI_01740,95
FMC_UTI_01741,131
FMC_UTI_01743,127
FMC_UTI_01744,420
FMC_UTI_01745,131
FMC_UTI_01746,131
FMC_UTI_01747,404
FMC_UTI_01748,4988
FMC_UTI_01749,131
FMC_UTI_01750,404
FMC_UTI_01751,69
FMC_UTI_01753,131
FMC_UTI_01754,372
FMC_UTI_01760,69
FMC_UTI_01762,69
FMC_UTI_01763,12
FMC_UTI_01764,10
FMC_UTI_01768,131
FMC_UTI_01769,95
FMC_UTI_01770,6107
FMC_UTI_01771,95
FMC_UTI_01773,12
FMC_UTI_01774,12
FMC_UTI_01775,131
FMC_UTI_01776,12
FMC_UTI_01777,541
FMC_UTI_01780,95
FMC_UTI_01781,95
FMC_UTI_01782,6101
FMC_UTI_01784,127
FMC_UTI_01785,95
FMC_UTI_01786,144
FMC_UTI_01790,12
FMC_UTI_01791,491
FMC_UTI_01792,1193
FMC_UTI_01795,131
FMC_UTI_01796,131
FMC_UTI_01797,127
FMC_UTI_01801,127
FMC_UTI_01803,3478
FMC_UTI_01806,550
FMC_UTI_01807,127
FMC_UTI_01808,131
FMC_UTI_01810,1304
FMC_UTI_01811,73
FMC_UTI_01813,1735
FMC_UTI_01814,10
FMC_UTI_01816,6097
FMC_UTI_01817,372
FMC_UTI_01819,131
FMC_UTI_01824,12
FMC_UTI_01825,420
FMC_UTI_01826,38
FMC_UTI_01827,62
FMC_UTI_01828,59
FMC_UTI_01829,73
FMC_UTI_01833,127
FMC_UTI_01834,131
FMC_UTI_01835,127
FMC_UTI_01837,404
FMC_UTI_01839,372
FMC_UTI_01840,10
FMC_UTI_01841,144
FMC_UTI_01842,1231
FMC_UTI_01843,80
FMC_UTI_01844,6094
FMC_UTI_01845,569
FMC_UTI_01846,69
FMC_UTI_01847,607
FMC_UTI_01848,73
FMC_UTI_01850,131
FMC_UTI_01856,95
FMC_UTI_01859,131
FMC_UTI_01860,131
FMC_UTI_01861,131
FMC_UTI_01862,1147
FMC_UTI_01863,73
FMC_UTI_01864,131
FMC_UTI_01865,131
FMC_UTI_01867,144
FMC_UTI_01868,405
FMC_UTI_01874,131
FMC_UTI_01875,131
FMC_UTI_01876,12
FMC_UTI_01877,12
FMC_UTI_01878,131
FMC_UTI_01879,95
FMC_UTI_01881,73
FMC_UTI_01883,73
FMC_UTI_01886,404
FMC_UTI_01887,127
FMC_UTI_01889,393
FMC_UTI_01890,1262
FMC_UTI_01891,420
FMC_UTI_01892,141
FMC_UTI_01896,963
FMC_UTI_01898,95
FMC_UTI_01900,95
FMC_UTI_01901,73
FMC_UTI_01903,131
FMC_UTI_01904,2619
FMC_UTI_01906,95
FMC_UTI_01907,405
FMC_UTI_01908,95
FMC_UTI_01909,73
FMC_UTI_01910,73
FMC_UTI_01911,95
FMC_UTI_01912,372
FMC_UTI_01913,73
FMC_UTI_01915,131
FMC_UTI_01917,131
FMC_UTI_01918,131
FMC_UTI_01919,73
FMC_UTI_01920,1193
FMC_UTI_01921,73
FMC_UTI_01924,295
FMC_UTI_01926,2015
FMC_UTI_01927,127
FMC_UTI_01928,127
FMC_UTI_01929,95
FMC_UTI_01930,131
FMC_UTI_01931,617
FMC_UTI_01932,69
FMC_UTI_01933,69
FMC_UTI_01934,405
FMC_UTI_01935,131
FMC_UTI_01936,73
FMC_UTI_01937,131
FMC_UTI_01938,59
FMC_UTI_01940,73
FMC_UTI_01945,73
FMC_UTI_01947,491
FMC_UTI_01949,38
FMC_UTI_01951,73
FMC_UTI_01953,69
FMC_UTI_01955,73
FMC_UTI_01956,95
FMC_UTI_01957,69
FMC_UTI_01958,131
FMC_UTI_01959,69
FMC_UTI_01964,95
FMC_UTI_01965,131
FMC_UTI_01966,131
FMC_UTI_01967,131
FMC_UTI_01968,95
FMC_UTI_01970,131
FMC_UTI_01971,95
FMC_UTI_01973,70
FMC_UTI_01974,10
FMC_UTI_01975,73
FMC_UTI_01976,144
FMC_UTI_01977,648
FMC_UTI_01981,648
FMC_UTI_01982,420
FMC_UTI_01983,1236
FMC_UTI_01984,131
FMC_UTI_01985,59
FMC_UTI_01986,2015
FMC_UTI_01988,648
FMC_UTI_01989,12
FMC_UTI_01991,73
FMC_UTI_01992,6095
FMC_UTI_01993,69
FMC_UTI_01995,131
FMC_UTI_01996,131
FMC_UTI_01997,69
FMC_UTI_01998,1262
FMC_UTI_01999,144
FMC_UTI_02001,95
FMC_UTI_02002,372
FMC_UTI_02003,1262
FMC_UTI_02005,646
FMC_UTI_02006,73
FMC_UTI_02008,131
FMC_UTI_02011,10
FMC_UTI_02012,95
FMC_UTI_02015,127
FMC_UTI_02017,10
FMC_UTI_02018,1444
FMC_UTI_02021,73
FMC_UTI_02024,2554
FMC_UTI_02026,131
FMC_UTI_02027,95
FMC_UTI_02028,131
FMC_UTI_02030,73
FMC_UTI_02032,69
FMC_UTI_02033,998
FMC_UTI_02036,2144
FMC_UTI_02037,6098
FMC_UTI_02038,393
FMC_UTI_02040,538
FMC_UTI_02041,131
FMC_UTI_02042,58
FMC_UTI_02043,6093
FMC_UTI_02046,69
FMC_UTI_02049,131
FMC_UTI_02050,404
FMC_UTI_02051,127
FMC_UTI_02052,73
FMC_UTI_02053,95
FMC_UTI_02054,69
FMC_UTI_02056,405
FMC_UTI_02058,95
FMC_UTI_02059,95
FMC_UTI_02063,404
FMC_UTI_02064,420
FMC_UTI_02065,636
FMC_UTI_02066,393
FMC_UTI_02069,2015
FMC_UTI_02070,131
FMC_UTI_02074,127
FMC_UTI_02210,131
FMC_UTI_02211,144
FMC_UTI_02214,69
FMC_UTI_02215,131
FMC_UTI_02221,144
FMC_UTI_02225,131
FMC_UTI_02226,73
FMC_UTI_02228,131
FMC_UTI_02230,127
FMC_UTI_02233,73
FMC_UTI_02234,73
FMC_UTI_02235,550
FMC_UTI_02237,131
FMC_UTI_02239,73
FMC_UTI_02242,73
FMC_UTI_02244,95
FMC_UTI_02250,393
FMC_UTI_02251,131
FMC_UTI_02253,95
FMC_UTI_02254,131
FMC_UTI_02255,404
FMC_UTI_02256,95
FMC_UTI_02257,95
FMC_UTI_02259,12
FMC_UTI_02263,69
FMC_UTI_02264,127
FMC_UTI_02266,550
FMC_UTI_02267,69
FMC_UTI_02268,963
FMC_UTI_02269,127
FMC_UTI_02271,69
FMC_UTI_02272,405
FMC_UTI_02273,131
FMC_UTI_02274,38
FMC_UTI_02275,69
FMC_UTI_02278,131
FMC_UTI_02279,753
FMC_UTI_02281,69
FMC_UTI_02283,1231
FMC_UTI_02284,405
FMC_UTI_02285,416
FMC_UTI_02286,349
FMC_UTI_02287,131
FMC_UTI_02289,73
FMC_UTI_02290,59
FMC_UTI_02293,127
FMC_UTI_02296,405
FMC_UTI_02297,73
FMC_UTI_02298,2015
FMC_UTI_02300,73
FMC_UTI_02303,127
FMC_UTI_02306,69
FMC_UTI_02308,131
FMC_UTI_02309,131
FMC_UTI_02311,69
FMC_UTI_02314,95
FMC_UTI_02317,1193
FMC_UTI_02318,1193
FMC_UTI_02320,404
FMC_UTI_02321,404
FMC_UTI_02322,2015
FMC_UTI_02324,1193
FMC_UTI_02326,59
FMC_UTI_02329,10
FMC_UTI_02330,80
FMC_UTI_02331,95
FMC_UTI_02332,131
FMC_UTI_02333,131
FMC_UTI_02334,13
FMC_UTI_02337,95
FMC_UTI_02338,131
FMC_UTI_02340,73
FMC_UTI_02343,95
FMC_UTI_02345,144
FMC_UTI_02347,73
FMC_UTI_02348,126
FMC_UTI_02349,12
FMC_UTI_02351,131
FMC_UTI_02352,131
FMC_UTI_02353,95
FMC_UTI_02354,131
FMC_UTI_02355,73
FMC_UTI_02356,73
FMC_UTI_02357,73
FMC_UTI_02358,127
FMC_UTI_02359,73
FMC_UTI_02360,1406
FMC_UTI_02365,1231
FMC_UTI_02367,420
FMC_UTI_02375,127
FMC_UTI_02377,4532
FMC_UTI_02379,73
FMC_UTI_02380,73
FMC_UTI_02381,761
FMC_UTI_02383,131
FMC_UTI_02385,95
FMC_UTI_02386,131
FMC_UTI_02387,73
FMC_UTI_02388,1193
FMC_UTI_02389,69
FMC_UTI_02391,73
FMC_UTI_02392,401
FMC_UTI_02396,144
FMC_UTI_02397,93
FMC_UTI_02398,95
FMC_UTI_02399,131
FMC_UTI_02402,420
FMC_UTI_02406,2015
FMC_UTI_02408,1193
FMC_UTI_02411,69
FMC_UTI_02415,75
FMC_UTI_02416,131
FMC_UTI_02417,73
FMC_UTI_02418,62
FMC_UTI_02419,6096
FMC_UTI_02421,83
FMC_UTI_02422,155
FMC_UTI_02423,131
FMC_UTI_02426,95
FMC_UTI_02428,538
FMC_UTI_02429,12
FMC_UTI_02430,401
FMC_UTI_02431,5644
FMC_UTI_02432,393
FMC_UTI_02433,1236
FMC_UTI_02435,69
FMC_UTI_02436,404
FMC_UTI_02437,5265
FMC_UTI_02439,95
FMC_UTI_02443,131
FMC_UTI_02444,131
FMC_UTI_02446,95
FMC_UTI_02447,215
FMC_UTI_02448,95
FMC_UTI_02450,131
FMC_UTI_02452,127
FMC_UTI_02453,127
FMC_UTI_02454,73
FMC_UTI_02456,393
FMC_UTI_02457,73
FMC_UTI_02458,69
FMC_UTI_02459,404
FMC_UTI_02460,69
FMC_UTI_02461,88
FMC_UTI_02462,538
FMC_UTI_02464,73
FMC_UTI_02465,62
FMC_UTI_02466,131
FMC_UTI_02467,1193
FMC_UTI_02468,404
FMC_UTI_02470,131
FMC_UTI_02471,6091
FMC_UTI_02473,404
FMC_UTI_02474,420
FMC_UTI_02475,95
FMC_UTI_02476,95
FMC_UTI_02477,12
FMC_UTI_02478,95
FMC_UTI_02479,131
FMC_UTI_02480,131
FMC_UTI_02482,2491
FMC_UTI_02484,131
FMC_UTI_02485,404
FMC_UTI_02486,404
FMC_UTI_02488,73
FMC_UTI_02490,127
FMC_UTI_02492,73
FMC_UTI_02493,998
FMC_UTI_02495,95
FMC_UTI_02496,69
FMC_UTI_02499,73
FMC_UTI_02500,95
FMC_UTI_02501,131
FMC_UTI_02502,6091
FMC_UTI_02503,1262
FMC_UTI_02504,69
FMC_UTI_02505,69
FMC_UTI_02506,80
FMC_UTI_02507,95
FMC_UTI_02509,95
FMC_UTI_02510,6104
FMC_UTI_02511,95
FMC_UTI_02512,127
FMC_UTI_02514,131
FMC_UTI_02515,675
FMC_UTI_02518,73
FMC_UTI_02520,404
FMC_UTI_02521,73
FMC_UTI_02522,127
FMC_UTI_02523,95
FMC_UTI_02524,95
FMC_UTI_02526,80
FMC_UTI_02530,6105
FMC_UTI_02531,131
FMC_UTI_02535,69
FMC_UTI_02536,135
FMC_UTI_02539,95
FMC_UTI_02540,131
FMC_UTI_02541,6106
FMC_UTI_02542,393
FMC_UTI_02544,543
FMC_UTI_02545,131
FMC_UTI_02546,38
FMC_UTI_02547,95
FMC_UTI_02548,393
FMC_UTI_02549,1262
FMC_UTI_02551,961
FMC_UTI_02552,73
FMC_UTI_02553,93
FMC_UTI_02554,131
FMC_UTI_02555,399
FMC_UTI_02557,127
FMC_UTI_02558,1278
FMC_UTI_02559,141
FMC_UTI_02560,10
FMC_UTI_02561,135
FMC_UTI_02562,69
FMC_UTI_02564,69
FMC_UTI_02565,420
FMC_UTI_02566,95
FMC_UTI_02567,95
FMC_UTI_02656,372
FMC_UTI_02657,6091
FMC_UTI_02658,95
FMC_UTI_02659,69
FMC_UTI_02660,95
FMC_UTI_02662,56
FMC_UTI_02663,2015
FMC_UTI_02667,405
FMC_UTI_02668,1278
FMC_UTI_02669,95
FMC_UTI_02670,998
FMC_UTI_02671,131
FMC_UTI_02673,95
FMC_UTI_02674,144
FMC_UTI_02675,1278
FMC_UTI_02676,95
FMC_UTI_02678,131
FMC_UTI_02679,2619
FMC_UTI_02680,127
FMC_UTI_02682,95
FMC_UTI_02684,59
FMC_UTI_02685,1193
FMC_UTI_02686,95
FMC_UTI_02687,144
FMC_UTI_02688,95
FMC_UTI_02689,646
FMC_UTI_02690,69
FMC_UTI_02691,1278
FMC_UTI_02694,95
FMC_UTI_02695,2604
FMC_UTI_02697,95
FMC_UTI_02700,69
FMC_UTI_02701,12
FMC_UTI_02703,6108
FMC_UTI_02704,95
FMC_UTI_02706,69
FMC_UTI_02707,73
FMC_UTI_02711,73
FMC_UTI_02712,2622
FMC_UTI_02713,998
FMC_UTI_02714,131
FMC_UTI_02715,73
FMC_UTI_02716,73
FMC_UTI_02717,73
FMC_UTI_02718,393
FMC_UTI_02719,12
FMC_UTI_02721,69
FMC_UTI_02723,744
FMC_UTI_02724,372
FMC_UTI_02725,131
FMC_UTI_02726,131
FMC_UTI_02731,517
FMC_UTI_02732,404
FMC_UTI_02733,349
FMC_UTI_02736,131
FMC_UTI_02738,95
FMC_UTI_02739,73
FMC_UTI_02740,73
FMC_UTI_02742,73
FMC_UTI_02745,131
FMC_UTI_02747,95
FMC_UTI_02748,127
FMC_UTI_02750,38
FMC_UTI_02752,95
FMC_UTI_02753,131
FMC_UTI_02754,131
FMC_UTI_02756,10
FMC_UTI_02758,131
FMC_UTI_02759,420
FMC_UTI_02760,131
FMC_UTI_02761,62
FMC_UTI_02762,131
FMC_UTI_02767,80
FMC_UTI_02769,80
FMC_UTI_02770,12
FMC_UTI_02771,357
FMC_UTI_02772,73
FMC_UTI_02773,404
FMC_UTI_02774,2554
FMC_UTI_02776,405
FMC_UTI_02779,144
FMC_UTI_02780,69
FMC_UTI_02781,636
FMC_UTI_02784,131
FMC_UTI_02786,1193
FMC_UTI_02788,73
FMC_UTI_02789,131
FMC_UTI_02793,405
FMC_UTI_02795,10
FMC_UTI_02797,131
FMC_UTI_02798,550
FMC_UTI_02800,69
FMC_UTI_02801,127
FMC_UTI_02803,131
FMC_UTI_02804,550
FMC_UTI_02806,95
FMC_UTI_02807,69
FMC_UTI_02808,69
FMC_UTI_02811,127
FMC_UTI_02812,73
FMC_UTI_02813,2015
FMC_UTI_02814,2626
FMC_UTI_02815,393
FMC_UTI_02817,95
FMC_UTI_02818,939
FMC_UTI_02820,73
FMC_UTI_02822,131
FMC_UTI_02823,69
FMC_UTI_02826,131
FMC_UTI_02827,167
FMC_UTI_02828,10
FMC_UTI_02829,10
FMC_UTI_02830,95
FMC_UTI_02832,69
FMC_UTI_02833,300
FMC_UTI_02834,131
FMC_UTI_02837,393
FMC_UTI_02839,95
FMC_UTI_02840,300
FMC_UTI_02842,131
FMC_UTI_02843,73
FMC_UTI_02844,95
FMC_UTI_02845,131
FMC_UTI_02846,404
FMC_UTI_02849,182
FMC_UTI_02850,95
FMC_UTI_02851,95
FMC_UTI_02858,12
FMC_UTI_02861,131
FMC_UTI_02862,2227
FMC_UTI_02867,95
FMC_UTI_02868,131
FMC_UTI_02869,69
FMC_UTI_02870,362
FMC_UTI_02871,73
FMC_UTI_02872,131
FMC_UTI_02874,95
FMC_UTI_02875,69
FMC_UTI_02877,95
FMC_UTI_02878,69
FMC_UTI_02880,10
FMC_UTI_02881,95
FMC_UTI_02882,131
FMC_UTI_02885,131
FMC_UTI_02886,95
FMC_UTI_02888,131
FMC_UTI_02889,10
FMC_UTI_02890,6112
FMC_UTI_02891,69
FMC_UTI_02895,404
FMC_UTI_02896,404
FMC_UTI_02898,131
FMC_UTI_02900,1611
FMC_UTI_02901,73
FMC_UTI_02903,1193
FMC_UTI_02904,998
FMC_UTI_02905,998
FMC_UTI_02906,69
FMC_UTI_02909,404
FMC_UTI_02910,200
FMC_UTI_02911,73
FMC_UTI_02915,69
FMC_UTI_02916,404
FMC_UTI_02917,38
FMC_UTI_02919,131
FMC_UTI_02923,12
FMC_UTI_02926,131
FMC_UTI_02927,2015
FMC_UTI_02930,93
FMC_UTI_02934,224
FMC_UTI_02935,62
FMC_UTI_02937,95
FMC_UTI_02938,404
FMC_UTI_02940,31
FMC_UTI_02941,31
FMC_UTI_02944,69
FMC_UTI_02946,404
FMC_UTI_02947,95
FMC_UTI_02951,372
FMC_UTI_02952,73
FMC_UTI_02954,95
FMC_UTI_02955,131
FMC_UTI_02956,12
FMC_UTI_02957,131
FMC_UTI_02959,95
FMC_UTI_02961,6111
FMC_UTI_02964,10
FMC_UTI_02965,69
FMC_UTI_02966,95
FMC_UTI_02968,131
FMC_UTI_02969,95
FMC_UTI_02970,131
FMC_UTI_02971,131
FMC_UTI_02975,349
FMC_UTI_02979,95
FMC_UTI_02980,744
FMC_UTI_02982,31
FMC_UTI_02983,744
FMC_UTI_02984,131
FMC_UTI_02985,73
FMC_UTI_02986,131
FMC_UTI_02987,6087
FMC_UTI_02988,131
FMC_UTI_02990,131
FMC_UTI_02993,95
FMC_UTI_02994,998
FMC_UTI_02995,372
FMC_UTI_02996,12
FMC_UTI_02997,131
FMC_UTI_02998,127
FMC_UTI_03000,95
FMC_UTI_03001,404
FMC_UTI_03003,69
FMC_UTI_03005,141
FMC_UTI_03006,73
FMC_UTI_03011,80
FMC_UTI_03012,93
FMC_UTI_03013,58
FMC_UTI_03014,69
FMC_UTI_03015,95
FMC_UTI_03016,998
FMC_UTI_03017,69
FMC_UTI_03019,69
FMC_UTI_03020,543
FMC_UTI_03021,1735
FMC_UTI_03022,131
FMC_UTI_03023,2015
FMC_UTI_03026,393
FMC_UTI_03029,12
FMC_UTI_03030,1611
FMC_UTI_03031,131
FMC_UTI_03033,1193
FMC_UTI_03034,131
FMC_UTI_03035,418
FMC_UTI_03037,131
FMC_UTI_03039,1307
FMC_UTI_03040,349
FMC_UTI_03042,69
FMC_UTI_03043,131
FMC_UTI_03044,998
FMC_UTI_03045,405
FMC_UTI_03046,73
FMC_UTI_03048,2015
FMC_UTI_03049,73
FMC_UTI_03050,6110
FMC_UTI_03052,73
FMC_UTI_03053,127
FMC_UTI_03054,12
FMC_UTI_03055,73
FMC_UTI_03059,95
FMC_UTI_03060,998
FMC_UTI_03063,127
FMC_UTI_03065,2015
FMC_UTI_03067,69
FMC_UTI_03069,131
FMC_UTI_03071,1262
FMC_UTI_03072,127
FMC_UTI_03073,131
FMC_UTI_03074,1193
FMC_UTI_03079,95
FMC_UTI_03080,10
FMC_UTI_03081,69
FMC_UTI_03082,69
FMC_UTI_03083,73
FMC_UTI_03086,131
FMC_UTI_03087,538
FMC_UTI_03088,131
FMC_UTI_03090,73
FMC_UTI_03094,95
FMC_UTI_03095,131
FMC_UTI_03097,73
FMC_UTI_03099,3877
FMC_UTI_03103,38
FMC_UTI_03104,393
FMC_UTI_03105,80
FMC_UTI_03106,642
FMC_UTI_03109,349
FMC_UTI_03110,62
FMC_UTI_1678,131
FMC_UTI_1685,73
FMC_UTI_1701,38
FMC_UTI_1761,10
FMC_UTI_1899,73